hex_id,local_temp_c
0,27.87297297297297
1,27.7972972972973
2,27.743243243243242
3,24.68918918918919
4,27.75135135135135
5,27.645945945945947
6,23.97027027027027
7,25.18918918918919
8,23.243243243243242
9,23.756756756756758
10,23.375675675675677
11,23.505405405405405
12,23.694594594594594
13,23.605405405405406
14,22.324324324324323
15,22.654054054054054
16,24.364864864864863
17,22.38918918918919
18,23.727027027027027
19,25.43783783783784
20,22.594594594594593
21,22.68378378378378
22,21.72972972972973
23,22.48918918918919
24,24.12702702702703
25,22.48378378378378
26,21.31081081081081
27,21.44324324324324
28,22.68378378378378
29,20.64324324324324
30,21.17837837837838
31,21.175675675675677
32,21.451351351351352
33,21.075675675675676
34,22.60810810810811
35,21.745945945945948
36,20.156756756756756
37,20.47027027027027
38,21.145945945945947
39,16.95945945945946
40,19.71891891891892
41,20.42972972972973
42,20.254054054054052
43,20.05675675675676
44,20.435135135135134
45,20.554054054054053
46,20.54054054054054
47,20.3972972972973
48,21.964864864864865
49,20.905405405405407
50,21.467567567567567
51,21.462162162162162
52,22.191891891891892
53,18.98918918918919
54,19.2
55,20.472972972972972
56,19.145945945945947
57,17.77027027027027
58,19.34054054054054
59,19.66216216216216
60,18.645945945945947
61,17.74054054054054
62,18.11891891891892
63,19.85945945945946
64,19.464864864864865
65,19.745945945945948
66,20.68378378378378
67,19.721621621621622
68,19.491891891891893
69,19.875675675675677
70,19.054054054054053
71,18.075675675675676
72,18.583783783783783
73,20.16216216216216
74,19.21891891891892
75,18.36216216216216
76,19.32162162162162
77,23.27567567567568
78,16.994594594594595
79,14.524324324324324
80,15.67837837837838
81,17.51081081081081
82,17.21081081081081
83,16.624324324324323
84,17.594594594594593
85,17.12162162162162
86,19.094594594594593
87,19.508108108108107
88,19.15945945945946
89,17.583783783783783
90,18.37837837837838
91,17.93783783783784
92,17.61891891891892
93,18.06216216216216
94,18.032432432432433
95,17.037837837837838
96,19.02162162162162
97,19.308108108108108
98,20.67297297297297
99,19.82162162162162
100,16.66216216216216
101,18.86216216216216
102,16.756756756756758
103,17.72432432432432
104,18.532432432432433
105,22.486486486486488
106,16.975675675675678
107,14.854054054054055
108,17.924324324324324
109,18.302702702702703
110,16.472972972972972
111,16.364864864864863
112,16.583783783783783
113,17.524324324324322
114,17.94864864864865
115,17.36756756756757
116,18.35945945945946
117,17.89189189189189
118,16.845945945945946
119,17.154054054054054
120,16.95945945945946
121,16.71351351351351
122,16.124324324324323
123,16.308108108108108
124,17.113513513513514
125,16.967567567567567
126,16.254054054054052
127,16.48108108108108
128,16.88918918918919
129,16.583783783783783
130,16.13243243243243
131,16.56756756756757
132,17.37837837837838
133,21.245945945945948
134,14.889189189189189
135,16.40810810810811
136,14.243243243243244
137,15.505405405405407
138,12.21081081081081
139,16.245945945945948
140,16.48378378378378
141,16.164864864864864
142,16.07027027027027
143,17.245945945945948
144,17.008108108108107
145,17.094594594594593
146,17.778378378378378
147,17.235135135135135
148,17.575675675675676
149,17.12162162162162
150,16.064864864864866
151,16.694594594594594
152,16.032432432432433
153,15.600000000000001
154,15.756756756756756
155,15.86216216216216
156,15.92972972972973
157,15.891891891891891
158,15.497297297297298
159,15.629729729729728
160,15.348648648648648
161,15.55135135135135
162,15.95945945945946
163,16.410810810810812
164,19.027027027027028
165,18.74864864864865
166,16.93783783783784
167,15.48108108108108
168,14.683783783783783
169,14.283783783783784
170,15.035135135135137
171,14.764864864864863
172,13.98918918918919
173,15.891891891891891
174,15.272972972972974
175,15.221621621621622
176,15.037837837837838
177,16.364864864864863
178,17.16216216216216
179,17.181081081081082
180,17.072972972972973
181,17.716216216216218
182,17.34864864864865
183,16.572972972972973
184,16.12972972972973
185,16.154054054054054
186,15.894594594594595
187,15.616216216216214
188,15.456756756756755
189,15.413513513513513
190,14.602702702702702
191,14.702702702702704
192,14.664864864864866
193,14.405405405405405
194,13.98108108108108
195,14.667567567567568
196,14.848648648648648
197,15.01081081081081
198,15.78108108108108
199,21.227027027027027
200,19.0972972972973
201,19.48378378378378
202,12.494594594594595
203,15.002702702702702
204,13.343243243243244
205,13.340540540540541
206,13.297297297297296
207,13.57027027027027
208,13.556756756756757
209,14.09189189189189
210,14.132432432432433
211,14.01081081081081
212,15.808108108108108
213,16.32702702702703
214,16.654054054054054
215,16.7
216,16.589189189189188
217,17.083783783783783
218,16.164864864864864
219,15.664864864864866
220,16.191891891891892
221,14.935135135135136
222,15.216216216216216
223,14.837837837837839
224,15.05135135135135
225,14.094594594594595
226,14.667567567567568
227,14.067567567567568
228,13.659459459459459
229,13.597297297297297
230,14.262162162162163
231,13.856756756756758
232,14.062162162162162
233,14.559459459459461
234,15.562162162162162
235,20.85135135135135
236,21.294594594594592
237,21.005405405405405
238,20.105405405405406
239,19.12702702702703
240,12.562162162162162
241,15.54054054054054
242,10.391891891891891
243,13.216216216216216
244,12.562162162162162
245,9.49189189189189
246,14.064864864864864
247,13.013513513513514
248,13.072972972972973
249,13.735135135135135
250,14.743243243243244
251,15.713513513513513
252,16.13783783783784
253,15.945945945945946
254,16.07027027027027
255,15.68918918918919
256,15.286486486486487
257,14.681081081081082
258,14.697297297297297
259,14.675675675675675
260,15.3
261,15.210810810810809
262,13.924324324324326
263,13.432432432432432
264,13.37027027027027
265,13.583783783783785
266,12.691891891891892
267,12.95135135135135
268,13.313513513513515
269,13.870270270270272
270,14.227027027027026
271,14.559459459459461
272,14.608108108108109
273,18.07027027027027
274,17.486486486486488
275,14.472972972972974
276,20.835135135135136
277,21.681081081081082
278,20.25945945945946
279,19.88918918918919
280,20.054054054054053
281,15.118918918918919
282,11.0
283,8.662162162162161
284,8.254054054054054
285,8.883783783783784
286,9.608108108108109
287,11.713513513513513
288,12.535135135135135
289,11.786486486486487
290,11.894594594594595
291,12.405405405405405
292,14.624324324324325
293,15.216216216216216
294,14.762162162162163
295,14.967567567567567
296,14.59189189189189
297,14.575675675675674
298,12.68108108108108
299,13.921621621621622
300,13.654054054054054
301,14.467567567567567
302,14.01891891891892
303,13.397297297297296
304,13.291891891891892
305,13.44054054054054
306,12.235135135135135
307,12.09189189189189
308,12.397297297297296
309,12.82972972972973
310,12.981081081081081
311,13.521621621621621
312,13.545945945945945
313,13.583783783783785
314,13.727027027027026
315,17.548648648648648
316,17.55945945945946
317,17.06756756756757
318,21.475675675675678
319,20.84864864864865
320,19.691891891891892
321,18.51081081081081
322,19.15945945945946
323,15.543243243243245
324,9.332432432432432
325,10.018918918918919
326,8.505405405405405
327,8.854054054054055
328,10.094594594594595
329,8.175675675675675
330,12.094594594594595
331,11.967567567567567
332,11.202702702702704
333,11.532432432432433
334,12.913513513513514
335,13.49189189189189
336,13.462162162162162
337,13.621621621621621
338,14.98108108108108
339,14.486486486486486
340,14.543243243243245
341,13.72972972972973
342,13.097297297297297
343,13.27027027027027
344,13.594594594594595
345,13.656756756756756
346,13.662162162162161
347,12.72162162162162
348,12.308108108108108
349,12.22162162162162
350,11.213513513513513
351,11.981081081081081
352,11.194594594594594
353,12.63783783783784
354,12.483783783783784
355,13.213513513513513
356,13.224324324324325
357,13.364864864864865
358,15.58108108108108
359,17.55675675675676
360,17.38918918918919
361,16.243243243243242
362,17.58648648648649
363,17.548648648648648
364,18.991891891891893
365,16.818918918918918
366,15.302702702702703
367,9.31891891891892
368,9.44864864864865
369,8.32972972972973
370,6.278378378378378
371,9.437837837837838
372,9.745945945945946
373,9.64864864864865
374,11.416216216216215
375,10.708108108108108
376,10.705405405405406
377,12.245945945945946
378,12.132432432432433
379,12.435135135135136
380,12.71081081081081
381,13.375675675675675
382,13.45135135135135
383,13.708108108108108
384,13.364864864864865
385,11.610810810810811
386,12.308108108108108
387,12.832432432432432
388,12.524324324324324
389,12.481081081081081
390,12.4
391,12.672972972972973
392,12.205405405405406
393,10.983783783783784
394,12.121621621621621
395,9.056756756756757
396,6.2594594594594595
397,11.967567567567567
398,11.845945945945946
399,12.897297297297296
400,12.81891891891892
401,13.521621621621621
402,14.008108108108107
403,18.262162162162163
404,25.302702702702703
405,25.01621621621622
406,15.837837837837839
407,13.083783783783785
408,14.786486486486487
409,16.68918918918919
410,16.86756756756757
411,20.502702702702702
412,15.402702702702703
413,9.82972972972973
414,7.948648648648649
415,9.74054054054054
416,7.524324324324324
417,8.402702702702703
418,6.905405405405405
419,7.68108108108108
420,8.402702702702703
421,8.094594594594595
422,8.532432432432433
423,10.016216216216216
424,10.37027027027027
425,10.964864864864865
426,11.151351351351352
427,11.686486486486485
428,11.997297297297298
429,12.186486486486485
430,12.935135135135136
431,12.672972972972973
432,12.58108108108108
433,12.394594594594595
434,11.616216216216216
435,11.98918918918919
436,11.932432432432432
437,12.308108108108108
438,11.613513513513514
439,11.435135135135136
440,11.59189189189189
441,10.205405405405406
442,10.245945945945946
443,10.77837837837838
444,9.386486486486486
445,10.81081081081081
446,11.605405405405405
447,11.602702702702704
448,12.58918918918919
449,12.586486486486486
450,13.8
451,17.154054054054054
452,25.88108108108108
453,11.50810810810811
454,24.88108108108108
455,14.994594594594593
456,13.848648648648648
457,14.967567567567567
458,14.475675675675676
459,14.267567567567568
460,19.25945945945946
461,12.1
462,14.927027027027027
463,15.100000000000001
464,8.735135135135135
465,8.521621621621621
466,7.743243243243243
467,8.99189189189189
468,8.564864864864864
469,7.148648648648648
470,5.878378378378378
471,4.402702702702703
472,6.902702702702703
473,9.64054054054054
474,10.02972972972973
475,9.867567567567567
476,10.102702702702704
477,10.535135135135135
478,11.227027027027026
479,11.716216216216216
480,11.31081081081081
481,11.25945945945946
482,11.72972972972973
483,11.262162162162161
484,10.254054054054054
485,10.454054054054055
486,11.127027027027026
487,10.878378378378379
488,11.056756756756757
489,10.791891891891892
490,10.85135135135135
491,10.167567567567568
492,9.662162162162161
493,9.205405405405406
494,9.545945945945945
495,8.572972972972973
496,10.272972972972974
497,10.813513513513515
498,11.31081081081081
499,11.994594594594595
500,12.162162162162161
501,12.872972972972974
502,16.175675675675677
503,27.62702702702703
504,26.264864864864865
505,13.675675675675675
506,14.921621621621622
507,11.981081081081081
508,15.516216216216216
509,20.92972972972973
510,12.394594594594595
511,16.3972972972973
512,15.68918918918919
513,9.486486486486486
514,7.667567567567567
515,10.094594594594595
516,9.572972972972973
517,8.475675675675676
518,6.2081081081081075
519,4.918918918918919
520,3.3972972972972975
521,4.356756756756757
522,9.481081081081081
523,9.467567567567567
524,9.36216216216216
525,9.28108108108108
526,9.186486486486485
527,9.645945945945945
528,10.486486486486486
529,10.843243243243244
530,10.664864864864866
531,9.90810810810811
532,10.794594594594594
533,10.972972972972974
534,10.697297297297297
535,9.91081081081081
536,10.272972972972974
537,10.616216216216216
538,10.12972972972973
539,10.332432432432432
540,9.68918918918919
541,9.63783783783784
542,8.843243243243244
543,10.04054054054054
544,8.67027027027027
545,6.7081081081081075
546,6.645945945945946
547,10.416216216216215
548,11.002702702702702
549,10.954054054054055
550,11.478378378378379
551,13.381081081081081
552,25.354054054054053
553,14.667567567567568
554,14.837837837837839
555,14.808108108108108
556,0.22972972972972974
557,11.28108108108108
558,14.2
559,14.335135135135134
560,15.13783783783784
561,11.51081081081081
562,7.597297297297298
563,6.651351351351352
564,11.013513513513514
565,7.162162162162162
566,5.440540540540541
567,-4.321621621621622
568,0.6891891891891891
569,-2.035135135135135
570,9.027027027027026
571,8.27027027027027
572,8.143243243243244
573,8.340540540540541
574,8.756756756756756
575,8.85945945945946
576,9.159459459459459
577,9.978378378378379
578,9.786486486486487
579,9.378378378378379
580,10.024324324324324
581,9.662162162162161
582,9.824324324324325
583,9.962162162162162
584,10.135135135135135
585,10.172972972972973
586,9.62972972972973
587,9.486486486486486
588,9.121621621621621
589,9.727027027027026
590,8.91081081081081
591,8.643243243243244
592,10.216216216216216
593,9.743243243243244
594,7.797297297297297
595,9.935135135135136
596,10.232432432432432
597,10.954054054054055
598,11.135135135135135
599,12.41891891891892
600,26.22972972972973
601,25.197297297297297
602,15.843243243243245
603,14.202702702702704
604,14.394594594594595
605,6.4324324324324325
606,6.391891891891892
607,12.216216216216216
608,9.272972972972974
609,12.464864864864865
610,8.54864864864865
611,7.72972972972973
612,7.1
613,6.591891891891892
614,7.9270270270270276
615,3.7648648648648653
616,5.935135135135135
617,2.918918918918919
618,-2.6054054054054054
619,3.8945945945945946
620,7.154054054054054
621,6.832432432432433
622,7.74054054054054
623,8.208108108108108
624,8.27837837837838
625,8.49189189189189
626,8.889189189189189
627,9.075675675675676
628,8.527027027027026
629,9.154054054054054
630,9.251351351351351
631,9.056756756756757
632,8.835135135135134
633,9.216216216216216
634,9.348648648648648
635,9.110810810810811
636,8.962162162162162
637,8.35135135135135
638,8.416216216216215
639,8.251351351351351
640,8.208108108108108
641,8.159459459459459
642,8.575675675675676
643,7.81891891891892
644,6.38918918918919
645,7.664864864864866
646,10.043243243243245
647,10.375675675675675
648,11.305405405405406
649,13.524324324324324
650,25.186486486486487
651,14.235135135135137
652,14.51081081081081
653,13.883783783783786
654,9.92972972972973
655,7.340540540540541
656,9.935135135135136
657,9.072972972972973
658,8.667567567567568
659,6.945945945945946
660,7.135135135135135
661,8.483783783783784
662,8.062162162162162
663,7.172972972972972
664,7.218918918918919
665,7.81891891891892
666,5.918918918918919
667,5.772972972972973
668,-3.0135135135135136
669,9.248648648648649
670,7.943243243243242
671,7.762162162162162
672,7.951351351351351
673,7.935135135135136
674,7.929729729729729
675,8.272972972972974
676,8.58108108108108
677,8.313513513513515
678,8.494594594594595
679,8.772972972972974
680,8.556756756756757
681,8.04054054054054
682,8.618918918918919
683,8.456756756756755
684,8.58918918918919
685,8.283783783783784
686,7.775675675675675
687,7.718918918918919
688,6.764864864864865
689,7.716216216216216
690,6.832432432432433
691,7.345945945945946
692,8.116216216216216
693,8.478378378378379
694,4.054054054054054
695,9.09189189189189
696,9.610810810810811
697,10.027027027027026
698,10.191891891891892
699,25.589189189189188
700,25.335135135135136
701,14.381081081081081
702,14.364864864864865
703,13.245945945945946
704,4.875675675675676
705,9.64864864864865
706,7.662162162162162
707,5.22972972972973
708,8.751351351351351
709,7.594594594594595
710,8.935135135135136
711,7.672972972972972
712,7.494594594594595
713,5.213513513513513
714,6.7
715,4.8621621621621625
716,0.47027027027027024
717,0.9594594594594594
718,4.305405405405406
719,7.2270270270270265
720,7.4270270270270276
721,7.091891891891891
722,7.124324324324325
723,7.621621621621622
724,7.324324324324325
725,7.613513513513513
726,7.6
727,7.889189189189189
728,8.156756756756756
729,7.345945945945946
730,7.405405405405405
731,8.00810810810811
732,7.9324324324324325
733,7.81891891891892
734,7.408108108108109
735,7.183783783783784
736,7.12972972972973
737,6.875675675675676
738,6.124324324324324
739,6.1702702702702705
740,6.7405405405405405
741,7.12972972972973
742,6.754054054054055
743,5.981081081081081
744,7.95945945945946
745,8.291891891891892
746,9.416216216216215
747,9.8
748,11.954054054054055
749,22.88108108108108
750,13.172972972972973
751,14.129729729729728
752,14.75135135135135
753,0.12972972972972968
754,8.654054054054054
755,9.035135135135135
756,7.624324324324325
757,6.789189189189189
758,6.621621621621622
759,6.978378378378378
760,9.005405405405405
761,7.429729729729729
762,2.8783783783783785
763,5.4135135135135135
764,7.624324324324325
765,4.294594594594595
766,1.2756756756756757
767,2.2405405405405405
768,7.435135135135136
769,7.324324324324325
770,7.545945945945945
771,6.61081081081081
772,6.781081081081081
773,6.813513513513513
774,6.967567567567568
775,7.2729729729729735
776,7.397297297297297
777,6.854054054054054
778,6.7
779,7.302702702702702
780,7.491891891891892
781,7.348648648648648
782,6.905405405405405
783,7.037837837837837
784,7.0162162162162165
785,6.662162162162162
786,6.494594594594594
787,6.248648648648649
788,5.989189189189189
789,5.994594594594595
790,5.77027027027027
791,6.12972972972973
792,6.418918918918919
793,3.3621621621621625
794,6.597297297297297
795,7.743243243243243
796,8.413513513513514
797,9.1
798,11.81891891891892
799,25.77027027027027
800,25.364864864864863
801,13.154054054054054
802,13.045945945945945
803,14.527027027027026
804,10.064864864864864
805,7.094594594594595
806,9.583783783783785
807,11.094594594594595
808,8.664864864864866
809,6.845945945945946
810,6.605405405405405
811,5.65945945945946
812,8.527027027027026
813,8.95135135135135
814,3.391891891891892
815,4.981081081081081
816,3.945945945945946
817,3.0135135135135136
818,4.467567567567567
819,3.9486486486486485
820,8.037837837837838
821,7.840540540540541
822,6.04054054054054
823,5.756756756756757
824,6.624324324324324
825,6.4837837837837835
826,6.472972972972973
827,6.627027027027027
828,6.5729729729729724
829,5.843243243243243
830,5.994594594594595
831,6.5027027027027025
832,6.4
833,6.27027027027027
834,6.221621621621622
835,6.4837837837837835
836,7.164864864864866
837,5.737837837837838
838,5.848648648648648
839,5.62972972972973
840,6.235135135135136
841,6.2081081081081075
842,5.391891891891892
843,5.445945945945946
844,5.464864864864865
845,4.945945945945946
846,5.5729729729729724
847,7.327027027027028
848,8.132432432432433
849,8.864864864864865
850,12.043243243243245
851,12.264864864864865
852,14.105405405405405
853,12.191891891891892
854,6.262162162162162
855,7.929729729729729
856,8.616216216216216
857,5.705405405405405
858,6.781081081081081
859,5.967567567567568
860,5.851351351351352
861,4.954054054054055
862,6.751351351351351
863,3.4864864864864864
864,3.7243243243243245
865,3.3378378378378377
866,3.0945945945945947
867,3.5891891891891894
868,3.34054054054054
869,8.002702702702702
870,6.954054054054055
871,6.348648648648648
872,5.727027027027027
873,6.383783783783784
874,6.554054054054054
875,6.151351351351352
876,6.505405405405405
877,5.891891891891892
878,5.702702702702703
879,5.510810810810811
880,5.4837837837837835
881,5.602702702702703
882,5.1
883,5.481081081081081
884,5.527027027027027
885,5.783783783783784
886,7.921621621621623
887,5.991891891891892
888,4.989189189189189
889,5.0
890,6.597297297297297
891,8.04054054054054
892,5.210810810810811
893,4.321621621621622
894,4.308108108108108
895,6.22972972972973
896,6.275675675675675
897,5.0729729729729724
898,6.608108108108108
899,9.35945945945946
900,11.567567567567568
901,13.186486486486485
902,10.264864864864865
903,13.664864864864866
904,6.9324324324324325
905,6.445945945945946
906,6.1378378378378375
907,8.597297297297297
908,7.216216216216216
909,6.9837837837837835
910,3.081081081081081
911,5.8810810810810805
912,6.397297297297297
913,5.808108108108108
914,2.0054054054054054
915,1.7864864864864862
916,-0.6243243243243243
917,3.597297297297297
918,5.527027027027027
919,6.8810810810810805
920,7.0864864864864865
921,6.254054054054055
922,6.6378378378378375
923,6.402702702702703
924,6.3108108108108105
925,6.2405405405405405
926,6.364864864864865
927,5.789189189189189
928,5.324324324324325
929,4.578378378378378
930,5.081081081081081
931,4.808108108108108
932,4.77027027027027
933,5.121621621621622
934,5.0675675675675675
935,4.918918918918919
936,7.070270270270271
937,7.321621621621621
938,4.9270270270270276
939,4.732432432432432
940,4.8810810810810805
941,5.372972972972973
942,7.440540540540541
943,4.094594594594595
944,3.92972972972973
945,3.9810810810810815
946,4.764864864864865
947,4.808108108108108
948,6.0
949,8.25945945945946
950,8.672972972972973
951,12.021621621621621
952,3.210810810810811
953,8.586486486486486
954,5.883783783783784
955,6.175675675675675
956,6.256756756756757
957,6.562162162162163
958,5.232432432432432
959,5.848648648648648
960,6.575675675675676
961,5.6378378378378375
962,6.102702702702703
963,2.383783783783784
964,1.9054054054054055
965,-8.156756756756756
966,4.821621621621622
967,4.851351351351352
968,7.245945945945946
969,5.767567567567568
970,5.386486486486487
971,7.702702702702703
972,6.394594594594595
973,5.967567567567567
974,6.375675675675676
975,5.5
976,5.127027027027027
977,4.6189189189189195
978,4.686486486486487
979,5.1891891891891895
980,4.454054054054055
981,4.167567567567567
982,4.448648648648648
983,4.121621621621622
984,4.481081081081081
985,4.508108108108108
986,4.697297297297298
987,4.297297297297297
988,4.632432432432433
989,4.354054054054054
990,4.3108108108108105
991,3.6864864864864866
992,4.445945945945946
993,4.491891891891892
994,3.9810810810810815
995,5.22972972972973
996,5.762162162162162
997,7.881081081081081
998,9.92972972972973
999,10.883783783783784
1000,5.562162162162163
1001,5.064864864864865
1002,5.018918918918919
1003,3.2
1004,5.116216216216216
1005,6.048648648648649
1006,3.5027027027027025
1007,7.321621621621621
1008,4.243243243243243
1009,4.010810810810811
1010,3.816216216216216
1011,1.989189189189189
1012,-0.1702702702702702
1013,-6.910810810810811
1014,5.935135135135135
1015,-0.5081081081081081
1016,6.435135135135135
1017,4.891891891891892
1018,4.981081081081081
1019,6.272972972972973
1020,5.721621621621622
1021,5.875675675675676
1022,5.121621621621622
1023,4.813513513513513
1024,4.167567567567567
1025,4.578378378378378
1026,4.65945945945946
1027,4.52972972972973
1028,4.8
1029,4.667567567567567
1030,3.478378378378378
1031,3.4594594594594597
1032,4.116216216216216
1033,4.927027027027027
1034,5.764864864864864
1035,3.0702702702702704
1036,3.8459459459459464
1037,4.224324324324325
1038,6.527027027027027
1039,7.124324324324325
1040,4.921621621621622
1041,4.505405405405405
1042,2.937837837837838
1043,2.5945945945945947
1044,4.902702702702703
1045,4.05945945945946
1046,5.551351351351352
1047,6.891891891891892
1048,9.608108108108109
1049,12.483783783783784
1050,9.516216216216216
1051,8.27027027027027
1052,4.64054054054054
1053,6.7405405405405405
1054,5.151351351351352
1055,6.105405405405405
1056,6.962162162162163
1057,7.429729729729729
1058,5.0729729729729724
1059,-1.2378378378378379
1060,0.9756756756756757
1061,2.735135135135135
1062,-2.5054054054054054
1063,1.9324324324324325
1064,6.31891891891892
1065,0.327027027027027
1066,5.878378378378378
1067,5.7405405405405405
1068,5.464864864864865
1069,5.472972972972973
1070,4.824324324324325
1071,4.38918918918919
1072,3.7324324324324323
1073,3.910810810810811
1074,3.5351351351351354
1075,4.218918918918919
1076,3.9864864864864864
1077,3.5783783783783787
1078,4.394594594594595
1079,3.6486486486486487
1080,3.3432432432432435
1081,2.5216216216216214
1082,2.22972972972973
1083,3.345945945945946
1084,6.094594594594595
1085,3.5675675675675675
1086,2.708108108108108
1087,3.3351351351351353
1088,4.02972972972973
1089,1.5297297297297299
1090,0.9216216216216216
1091,2.2027027027027026
1092,3.381081081081081
1093,5.875675675675676
1094,9.881081081081081
1095,10.37027027027027
1096,7.097297297297298
1097,4.635135135135135
1098,4.856756756756757
1099,4.991891891891892
1100,3.9054054054054053
1101,6.183783783783784
1102,4.408108108108108
1103,-0.3891891891891892
1104,-0.518918918918919
1105,3.1837837837837837
1106,0.029729729729729756
1107,0.5891891891891892
1108,-0.45405405405405397
1109,4.9837837837837835
1110,6.854054054054054
1111,6.164864864864865
1112,6.102702702702703
1113,5.162162162162162
1114,3.810810810810811
1115,3.348648648648649
1116,3.194594594594595
1117,2.5594594594594597
1118,3.027027027027027
1119,4.08918918918919
1120,3.4567567567567568
1121,3.1297297297297297
1122,2.8729729729729727
1123,3.324324324324324
1124,3.116216216216216
1125,1.945945945945946
1126,1.5756756756756756
1127,1.7432432432432432
1128,2.8
1129,5.635135135135135
1130,5.478378378378378
1131,3.2837837837837838
1132,5.167567567567567
1133,2.118918918918919
1134,2.291891891891892
1135,0.7405405405405406
1136,3.745945945945946
1137,3.7027027027027026
1138,4.156756756756757
1139,7.9837837837837835
1140,10.737837837837839
1141,9.643243243243244
1142,4.6891891891891895
1143,8.297297297297296
1144,2.8594594594594596
1145,4.383783783783784
1146,5.44054054054054
1147,4.1189189189189195
1148,0.9216216216216216
1149,5.608108108108108
1150,1.1567567567567567
1151,4.443243243243243
1152,4.464864864864865
1153,6.097297297297297
1154,5.602702702702703
1155,6.472972972972973
1156,7.2918918918918925
1157,5.372972972972973
1158,4.8621621621621625
1159,3.689189189189189
1160,2.7324324324324323
1161,3.0216216216216214
1162,2.4162162162162164
1163,2.2567567567567566
1164,2.745945945945946
1165,3.081081081081081
1166,2.464864864864865
1167,2.4513513513513514
1168,2.6243243243243244
1169,3.1216216216216215
1170,2.418918918918919
1171,1.4297297297297298
1172,1.335135135135135
1173,1.1216216216216217
1174,2.3756756756756756
1175,2.8864864864864863
1176,2.8567567567567567
1177,3.708108108108108
1178,1.7648648648648648
1179,2.189189189189189
1180,2.3513513513513513
1181,1.2837837837837838
1182,-0.127027027027027
1183,3.5459459459459457
1184,7.051351351351351
1185,9.672972972972973
1186,9.613513513513514
1187,2.091891891891892
1188,5.627027027027027
1189,6.397297297297297
1190,4.61081081081081
1191,5.691891891891892
1192,3.597297297297297
1193,1.6945945945945944
1194,3.505405405405405
1195,1.8405405405405408
1196,3.859459459459459
1197,3.9594594594594597
1198,5.183783783783784
1199,5.813513513513513
1200,5.9135135135135135
1201,4.727027027027027
1202,3.667567567567567
1203,3.5513513513513515
1204,2.65945945945946
1205,3.097297297297297
1206,2.091891891891892
1207,1.8189189189189188
1208,2.5567567567567564
1209,2.848648648648649
1210,2.381081081081081
1211,1.5513513513513513
1212,1.8189189189189188
1213,1.5405405405405406
1214,0.5135135135135135
1215,4.013513513513513
1216,4.075675675675676
1217,3.9756756756756757
1218,4.34054054054054
1219,4.14054054054054
1220,4.186486486486487
1221,1.2216216216216218
1222,2.5567567567567564
1223,1.6108108108108108
1224,0.11351351351351352
1225,3.8864864864864868
1226,4.372972972972973
1227,7.7081081081081075
1228,12.31891891891892
1229,9.291891891891892
1230,9.17027027027027
1231,3.708108108108108
1232,7.1054054054054046
1233,8.1
1234,8.043243243243245
1235,6.8621621621621625
1236,5.84054054054054
1237,-0.3162162162162162
1238,0.08378378378378379
1239,3.7135135135135138
1240,4.481081081081081
1241,6.043243243243243
1242,5.575675675675676
1243,5.718918918918919
1244,4.713513513513513
1245,4.289189189189189
1246,3.6783783783783783
1247,2.9783783783783786
1248,3.07027027027027
1249,2.0162162162162165
1250,2.1648648648648647
1251,1.881081081081081
1252,2.1135135135135137
1253,2.3216216216216212
1254,1.7027027027027026
1255,1.7864864864864862
1256,1.4054054054054055
1257,1.156756756756757
1258,-0.47297297297297297
1259,3.1864864864864866
1260,3.810810810810811
1261,3.7594594594594595
1262,0.029729729729729707
1263,1.7243243243243243
1264,3.1378378378378375
1265,3.7756756756756755
1266,5.824324324324325
1267,12.05945945945946
1268,7.018918918918919
1269,8.675675675675675
1270,2.464864864864865
1271,5.148648648648648
1272,6.924324324324324
1273,6.848648648648648
1274,5.4135135135135135
1275,3.832432432432433
1276,5.835135135135135
1277,-0.05135135135135138
1278,5.1378378378378375
1279,6.47027027027027
1280,5.62972972972973
1281,4.756756756756757
1282,3.92972972972973
1283,3.0432432432432432
1284,1.9297297297297298
1285,2.4
1286,1.3891891891891892
1287,1.472972972972973
1288,2.02972972972973
1289,1.3216216216216217
1290,1.32972972972973
1291,2.3027027027027027
1292,1.8027027027027027
1293,1.6162162162162161
1294,1.2459459459459459
1295,1.654054054054054
1296,0.09459459459459466
1297,-0.4162162162162162
1298,3.2270270270270274
1299,-0.2810810810810811
1300,0.7189189189189189
1301,2.8432432432432435
1302,3.42972972972973
1303,11.664864864864866
1304,8.413513513513514
1305,3.394594594594595
1306,0.9864864864864865
1307,6.14054054054054
1308,5.551351351351352
1309,4.716216216216216
1310,3.635135135135135
1311,3.035135135135135
1312,4.38918918918919
1313,1.5972972972972972
1314,4.751351351351351
1315,4.02972972972973
1316,4.1
1317,2.9756756756756757
1318,2.3702702702702703
1319,1.4810810810810813
1320,1.1945945945945944
1321,0.9243243243243244
1322,0.9027027027027027
1323,1.0864864864864865
1324,1.4378378378378378
1325,0.8594594594594595
1326,1.935135135135135
1327,1.7216216216216218
1328,1.3864864864864863
1329,1.7864864864864862
1330,0.5486486486486487
1331,0.7513513513513513
1332,1.4189189189189189
1333,1.964864864864865
1334,8.613513513513514
1335,9.156756756756756
1336,8.154054054054054
1337,4.145945945945946
1338,4.289189189189189
1339,3.2135135135135138
1340,4.227027027027027
1341,0.05945945945945948
1342,2.3594594594594596
1343,-1.0027027027027027
1344,3.1027027027027025
1345,4.578378378378378
1346,2.1648648648648647
1347,1.3
1348,1.7324324324324323
1349,0.8621621621621622
1350,1.2378378378378379
1351,1.0027027027027027
1352,11.056756756756757
1353,0.47297297297297297
1354,8.816216216216215
1355,8.386486486486486
1356,4.056756756756757
1357,1.6756756756756757
1358,2.8945945945945946
1359,1.9756756756756755
1360,-0.45135135135135135
1361,-3.467567567567568
1362,9.94864864864865
1363,8.078378378378378
1364,8.427027027027027
1365,5.786486486486487
1366,2.6378378378378375
1367,6.613513513513513
1368,8.083783783783785
1369,6.535135135135135
1370,6.156756756756757
1371,7.635135135135135
1372,2.8783783783783785
1373,3.410810810810811
1374,-3.4
1375,8.016216216216216
1376,6.227027027027027
1377,2.2621621621621624
1378,-1.8405405405405404
1379,7.808108108108107
1380,6.767567567567568
1381,0.2756756756756757
1382,-3.881081081081081
1383,5.6
1384,3.402702702702703
1385,-2.3216216216216217
1386,6.986486486486487
1387,1.5972972972972974
1388,-0.18378378378378377
1389,-5.845945945945946
1390,5.081081081081081
1391,4.302702702702702
1392,-7.697297297297298
1393,2.72972972972973
1394,-0.0027027027027027224
1395,-2.5864864864864865
1396,5.227027027027027
1397,-7.608108108108108
1398,-8.237837837837839
1399,6.6378378378378375
1400,0.918918918918919
1401,-5.754054054054055
1402,6.464864864864865
1403,-5.31891891891892
1404,-14.143243243243242
1405,5.205405405405405
1406,5.02972972972973
1407,5.0864864864864865
1408,5.075675675675676
1409,0.7918918918918919
1410,-2.8702702702702703
1411,-12.91081081081081
1412,4.918918918918919
1413,4.510810810810811
1414,4.4
1415,-3.135135135135135
1416,4.059459459459459
1417,6.091891891891892
1418,6.056756756756757
1419,5.591891891891892
1420,-6.15945945945946
1421,-8.25945945945946
1422,-6.9702702702702695
1423,-11.848648648648648
1424,4.8
1425,5.056756756756757
1426,4.88918918918919
1427,4.31891891891892
1428,4.337837837837838
1429,3.5945945945945947
1430,4.472972972972973
1431,4.945945945945946
1432,4.345945945945946
1433,3.6324324324324326
1434,3.7405405405405405
1435,2.77027027027027
1436,5.335135135135135
1437,-5.645945945945946
1438,-6.967567567567568
1439,-11.567567567567568
1440,-11.68918918918919
1441,-11.432432432432432
1442,4.9972972972972975
1443,5.332432432432433
1444,0.8810810810810811
1445,-2.3729729729729727
1446,1.2702702702702702
1447,0.10810810810810811
1448,0.7837837837837838
1449,-2.0135135135135136
1450,-3.6864864864864866
1451,3.1378378378378375
1452,1.4189189189189189
1453,-2.954054054054054
1454,-5.27027027027027
1455,-3.4405405405405403
1456,-12.75945945945946
1457,-8.716216216216216
1458,-9.027027027027026
1459,-9.183783783783785
1460,-11.654054054054054
1461,-10.154054054054054
1462,4.251351351351351
1463,5.135135135135135
1464,-3.843243243243243
1465,2.789189189189189
1466,4.416216216216216
1467,4.367567567567567
1468,4.308108108108108
1469,3.897297297297297
1470,3.4
1471,0.0837837837837838
1472,-1.6297297297297297
1473,-2.210810810810811
1474,-2.454054054054054
1475,-6.967567567567568
1476,-0.12162162162162167
1477,-3.2486486486486488
1478,-4.324324324324325
1479,-6.594594594594595
1480,-10.583783783783785
1481,-10.92972972972973
1482,-9.49189189189189
1483,-10.537837837837838
1484,-11.394594594594595
1485,-9.605405405405405
1486,5.391891891891892
1487,2.6243243243243244
1488,1.32972972972973
1489,6.621621621621622
1490,-1.364864864864865
1491,-2.7324324324324323
1492,-3.381081081081081
1493,-4.956756756756757
1494,-7.762162162162162
1495,-10.256756756756756
1496,-7.381081081081081
1497,-4.3
1498,-4.578378378378378
1499,-9.05135135135135
1500,-7.85945945945946
1501,-10.816216216216215
1502,-12.637837837837838
1503,-10.805405405405406
1504,-12.116216216216216
1505,-10.102702702702704
1506,4.843243243243243
1507,4.832432432432433
1508,2.2405405405405405
1509,-0.2891891891891892
1510,-2.581081081081081
1511,-4.632432432432433
1512,-5.8108108108108105
1513,-7.127027027027027
1514,-6.081081081081081
1515,-12.14054054054054
1516,-5.394594594594595
1517,-7.991891891891892
1518,-9.18108108108108
1519,-9.37027027027027
1520,-8.556756756756757
1521,-12.464864864864865
1522,-14.013513513513514
1523,-11.575675675675676
1524,-13.543243243243245
1525,-12.405405405405405
1526,5.321621621621622
1527,5.121621621621622
1528,1.9432432432432434
1529,-2.0297297297297296
1530,-3.5999999999999996
1531,-6.72972972972973
1532,-7.481081081081081
1533,-6.359459459459459
1534,-7.645945945945945
1535,-10.656756756756756
1536,-11.28918918918919
1537,-11.675675675675675
1538,-9.956756756756755
1539,-10.45945945945946
1540,-8.983783783783784
1541,-11.002702702702702
1542,-12.732432432432432
1543,-15.640540540540542
1544,-11.97027027027027
1545,-12.405405405405405
1546,-14.432432432432432
1547,4.989189189189189
1548,6.645945945945946
1549,0.2189189189189189
1550,-3.9000000000000004
1551,-5.097297297297297
1552,-6.264864864864865
1553,-6.602702702702703
1554,-7.305405405405406
1555,-8.767567567567568
1556,-8.124324324324325
1557,-8.945945945945946
1558,-10.28108108108108
1559,-11.054054054054054
1560,-8.313513513513515
1561,-12.921621621621622
1562,-13.237837837837839
1563,-12.45945945945946
1564,-11.164864864864866
1565,-11.58108108108108
1566,-15.354054054054055
1567,-13.82972972972973
1568,5.0162162162162165
1569,3.3135135135135134
1570,-0.48918918918918924
1571,-4.2918918918918925
1572,-5.602702702702703
1573,-5.95945945945946
1574,-6.12972972972973
1575,-7.902702702702702
1576,-8.72162162162162
1577,-9.062162162162162
1578,-9.92972972972973
1579,-10.978378378378379
1580,-11.786486486486487
1581,-10.44864864864865
1582,-11.36216216216216
1583,-10.972972972972974
1584,-11.754054054054054
1585,-13.567567567567568
1586,-15.51891891891892
1587,-15.054054054054054
1588,-15.013513513513514
1589,5.343243243243243
1590,4.91081081081081
1591,3.478378378378378
1592,1.6243243243243244
1593,0.12432432432432429
1594,-3.4351351351351354
1595,-5.351351351351352
1596,-5.845945945945946
1597,-8.662162162162161
1598,-7.691891891891893
1599,-8.570270270270269
1600,-8.659459459459459
1601,-9.18108108108108
1602,-10.772972972972974
1603,-12.04054054054054
1604,-11.54054054054054
1605,-12.72972972972973
1606,-11.2
1607,-9.816216216216215
1608,-16.35675675675676
1609,-18.29189189189189
1610,-18.594594594594593
1611,-13.383783783783784
1612,-7.18108108108108
1613,-1.6243243243243244
1614,-1.8270270270270268
1615,-4.724324324324325
1616,-5.662162162162162
1617,-7.286486486486487
1618,-8.621621621621621
1619,-8.943243243243243
1620,-8.627027027027026
1621,-10.381081081081081
1622,-10.291891891891892
1623,-9.24054054054054
1624,-11.354054054054055
1625,-13.240540540540541
1626,-17.86756756756757
1627,-17.72432432432432
1628,-18.94324324324324
1629,-14.24864864864865
1630,-14.186486486486485
1631,-7.537837837837837
1632,0.3891891891891892
1633,-2.7837837837837838
1634,-5.4837837837837835
1635,-5.486486486486487
1636,-3.091891891891892
1637,-3.6972972972972977
1638,-9.67027027027027
1639,-11.291891891891892
1640,-11.667567567567568
1641,-10.35945945945946
1642,-12.327027027027027
1643,-14.535135135135134
1644,-14.75945945945946
1645,-16.924324324324324
1646,-16.451351351351352
1647,-15.889189189189189
1648,-12.02972972972973
1649,-2.064864864864865
1650,-2.389189189189189
1651,-2.3378378378378377
1652,-3.3783783783783785
1653,-7.5297297297297305
1654,-9.04054054054054
1655,-11.805405405405406
1656,-10.85945945945946
1657,-12.386486486486486
1658,-15.72972972972973
1659,-15.29189189189189
1660,-16.716216216216218
1661,-15.143243243243242
1662,-11.521621621621621
1663,-7.064864864864864
1664,-1.945945945945946
1665,-4.335135135135135
1666,-9.55945945945946
1667,-9.17027027027027
1668,-9.332432432432432
1669,-12.164864864864866
1670,-16.232432432432432
1671,-14.789189189189191
1672,-18.543243243243243
1673,-14.691891891891892
1674,-12.597297297297297
1675,-7.48918918918919
1676,-1.9405405405405405
1677,-2.0594594594594597
1678,-10.32972972972973
1679,-10.037837837837838
1680,-8.156756756756756
1681,-7.986486486486487
1682,-9.724324324324325
1683,-15.25945945945946
1684,-15.154054054054056
1685,-16.42972972972973
1686,-13.183783783783785
1687,-11.55135135135135
1688,-7.305405405405406
1689,-4.864864864864865
1690,-3.9540540540540543
1691,-9.77027027027027
1692,-6.07027027027027
1693,-5.613513513513513
1694,-11.164864864864866
1695,-12.645945945945945
1696,-15.100000000000001
1697,-13.899999999999999
1698,-12.1
1699,-10.04054054054054
1700,-7.467567567567568
1701,-2.775675675675676
1702,-3.445945945945946
1703,-3.651351351351351
1704,-3.2378378378378376
1705,-4.4270270270270276
1706,-10.813513513513515
1707,-14.17837837837838
1708,-13.427027027027027
1709,-12.343243243243244
1710,-10.82972972972973
1711,-6.3621621621621625
1712,4.58918918918919
1713,2.675675675675676
1714,-10.197297297297297
1715,-7.694594594594594
1716,-10.932432432432432
1717,-6.2
1718,-5.61081081081081
1719,4.418918918918919
1720,4.245945945945945
1721,-4.4135135135135135
1722,-4.421621621621622
