hex_id,local_temp_c,elevation_m
0,25.024324324324322,104.0
1,26.645945945945947,12.0
2,25.254054054054052,77.0
3,21.37297297297297,511.0
4,25.17027027027027,127.0
5,25.28648648648649,9.0
6,21.527027027027028,20.0
7,21.262162162162163,1.0
8,22.013513513513512,128.0
9,21.86216216216216,62.0
10,21.494594594594595,6.0
11,19.62702702702703,1.0
12,19.762162162162163,2.0
13,21.29189189189189,141.0
14,21.105405405405406,203.0
15,21.25135135135135,19.0
16,19.82162162162162,2.0
17,19.335135135135136,9.0
18,20.14324324324324,3.0
19,19.84864864864865,3.0
20,20.98378378378378,190.0
21,21.17027027027027,166.0
22,20.35135135135135,141.0
23,20.37027027027027,15.0
24,19.14324324324324,0.0
25,17.51081081081081,4.0
26,18.524324324324322,10.0
27,18.967567567567567,6.0
28,19.44054054054054,4.0
29,20.11081081081081,233.0
30,20.221621621621622,187.0
31,19.945945945945947,124.0
32,19.886486486486486,96.0
33,19.032432432432433,23.0
34,18.502702702702702,0.0
35,17.13243243243243,7.0
36,17.55675675675676,31.0
37,17.754054054054052,12.0
38,18.15945945945946,7.0
39,19.864864864864863,670.0
40,20.564864864864866,673.0
41,19.2972972972973,264.0
42,19.451351351351352,252.0
43,18.675675675675677,205.0
44,18.83783783783784,149.0
45,19.25945945945946,98.0
46,18.732432432432432,29.0
47,18.756756756756758,16.0
48,17.85945945945946,3.0
49,17.5972972972973,0.0
50,16.716216216216218,0.0
51,17.51081081081081,1.0
52,17.6027027027027,0.0
53,16.75945945945946,30.0
54,16.68918918918919,53.0
55,17.464864864864865,7.0
56,17.77027027027027,1048.0
57,16.732432432432432,1023.0
58,17.783783783783782,813.0
59,17.38918918918919,512.0
60,17.68378378378378,571.0
61,16.737837837837837,510.0
62,16.81081081081081,463.0
63,18.464864864864865,186.0
64,18.14864864864865,118.0
65,18.318918918918918,69.0
66,18.083783783783783,15.0
67,17.59189189189189,10.0
68,17.624324324324323,0.0
69,17.805405405405406,0.0
70,17.1027027027027,1.0
71,16.8972972972973,2.0
72,17.22972972972973,0.0
73,16.42162162162162,0.0
74,15.594594594594595,5.0
75,15.783783783783784,32.0
76,16.48108108108108,26.0
77,16.616216216216216,0.0
78,14.124324324324325,1634.0
79,13.55135135135135,1452.0
80,14.713513513513513,1443.0
81,16.4027027027027,765.0
82,16.002702702702702,656.0
83,15.359459459459458,683.0
84,16.13243243243243,557.0
85,15.778378378378378,463.0
86,17.84864864864865,191.0
87,18.154054054054054,90.0
88,18.25945945945946,104.0
89,17.16756756756757,33.0
90,17.445945945945947,29.0
91,17.243243243243242,15.0
92,16.78648648648649,16.0
93,17.462162162162162,3.0
94,16.494594594594595,0.0
95,16.17837837837838,10.0
96,15.662162162162161,3.0
97,15.024324324324324,24.0
98,14.997297297297298,13.0
99,15.95945945945946,0.0
100,15.683783783783783,14.0
101,14.54054054054054,0.0
102,15.340540540540541,22.0
103,15.410810810810812,44.0
104,15.267567567567568,15.0
105,15.559459459459461,5.0
106,14.670270270270269,1543.0
107,13.81891891891892,1471.0
108,16.386486486486486,990.0
109,17.072972972972973,849.0
110,15.372972972972972,857.0
111,15.145945945945945,741.0
112,15.343243243243245,684.0
113,16.24054054054054,447.0
114,16.67837837837838,311.0
115,16.08648648648649,165.0
116,17.537837837837838,140.0
117,17.2027027027027,79.0
118,16.462162162162162,82.0
119,16.732432432432432,72.0
120,16.508108108108107,81.0
121,16.59189189189189,12.0
122,15.859459459459458,107.0
123,15.940540540540539,64.0
124,16.075675675675676,65.0
125,15.705405405405406,17.0
126,15.154054054054056,61.0
127,14.883783783783786,54.0
128,15.578378378378378,48.0
129,15.278378378378378,63.0
130,14.967567567567567,48.0
131,15.05135135135135,41.0
132,15.048648648648648,9.0
133,14.35135135135135,0.0
134,12.145945945945947,1603.0
135,14.727027027027026,1337.0
136,12.748648648648649,1420.0
137,14.51891891891892,1357.0
138,10.586486486486486,1928.0
139,14.675675675675675,984.0
140,15.181081081081082,809.0
141,14.886486486486485,878.0
142,14.79189189189189,807.0
143,16.13243243243243,667.0
144,15.643243243243242,512.0
145,15.627027027027028,396.0
146,16.181081081081082,203.0
147,16.486486486486488,139.0
148,17.154054054054054,111.0
149,16.502702702702702,126.0
150,15.675675675675675,79.0
151,15.886486486486485,32.0
152,15.42972972972973,78.0
153,15.397297297297298,105.0
154,15.243243243243244,105.0
155,15.097297297297297,55.0
156,14.97837837837838,91.0
157,14.943243243243243,77.0
158,14.54054054054054,93.0
159,14.713513513513513,107.0
160,14.5,55.0
161,14.364864864864865,100.0
162,14.597297297297297,65.0
163,14.589189189189188,32.0
164,13.81891891891892,0.0
165,18.256756756756758,880.0
166,15.52972972972973,1261.0
167,13.05945945945946,1404.0
168,13.464864864864865,1301.0
169,12.50810810810811,1448.0
170,13.78918918918919,1310.0
171,13.04054054054054,1226.0
172,12.77027027027027,1399.0
173,13.95945945945946,1415.0
174,13.848648648648648,1100.0
175,13.897297297297298,974.0
176,13.883783783783786,773.0
177,14.867567567567567,655.0
178,15.370270270270272,564.0
179,15.572972972972973,471.0
180,15.74054054054054,323.0
181,16.08108108108108,187.0
182,16.45405405405405,127.0
183,16.383783783783784,182.0
184,15.889189189189189,112.0
185,15.840540540540541,71.0
186,15.232432432432432,79.0
187,14.686486486486485,46.0
188,14.64864864864865,54.0
189,14.3,124.0
190,14.01891891891892,161.0
191,14.154054054054056,35.0
192,14.35135135135135,39.0
193,14.056756756756757,137.0
194,13.881081081081081,104.0
195,13.932432432432432,89.0
196,13.972972972972974,96.0
197,13.59189189189189,57.0
198,13.772972972972974,11.0
199,18.910810810810812,327.0
200,17.427027027027027,556.0
201,17.91891891891892,801.0
202,10.397297297297296,1916.0
203,13.5,1276.0
204,11.964864864864865,1326.0
205,11.805405405405406,1573.0
206,12.083783783783785,1333.0
207,12.48918918918919,1224.0
208,12.037837837837838,1549.0
209,12.516216216216216,1101.0
210,12.367567567567567,1152.0
211,12.613513513513514,970.0
212,14.35135135135135,775.0
213,14.694594594594596,573.0
214,14.618918918918919,447.0
215,14.870270270270272,343.0
216,14.772972972972974,243.0
217,15.86216216216216,209.0
218,15.07027027027027,158.0
219,15.305405405405404,122.0
220,15.90810810810811,62.0
221,14.805405405405404,85.0
222,14.213513513513513,41.0
223,13.456756756756755,34.0
224,13.651351351351352,96.0
225,13.294594594594594,154.0
226,14.118918918918919,37.0
227,13.383783783783784,120.0
228,13.159459459459459,121.0
229,12.981081081081081,228.0
230,13.494594594594595,146.0
231,12.95945945945946,106.0
232,13.13783783783784,53.0
233,12.967567567567567,50.0
234,13.124324324324325,6.0
235,19.02162162162162,83.0
236,18.886486486486486,228.0
237,19.4027027027027,335.0
238,18.5,628.0
239,17.491891891891893,778.0
240,10.305405405405406,1718.0
241,14.002702702702702,1108.0
242,8.159459459459459,2134.0
243,11.683783783783785,1586.0
244,11.262162162162161,1811.0
245,7.997297297297297,2167.0
246,12.41081081081081,1265.0
247,11.52972972972973,1331.0
248,11.435135135135136,1155.0
249,12.075675675675676,991.0
250,13.302702702702703,860.0
251,13.994594594594593,516.0
252,14.191891891891892,337.0
253,14.391891891891891,266.0
254,14.22972972972973,242.0
255,14.127027027027028,181.0
256,14.129729729729728,140.0
257,14.0,102.0
258,14.056756756756757,96.0
259,13.937837837837838,98.0
260,13.594594594594595,46.0
261,13.494594594594595,39.0
262,13.132432432432433,76.0
263,12.44864864864865,63.0
264,12.82162162162162,139.0
265,12.886486486486486,208.0
266,11.654054054054054,377.0
267,11.897297297297296,221.0
268,12.18108108108108,196.0
269,12.343243243243244,151.0
270,12.516216216216215,71.0
271,12.64054054054054,43.0
272,12.49189189189189,11.0
273,11.372972972972974,0.0
274,16.07027027027027,122.0
275,9.797297297297296,1477.0
276,17.764864864864865,-34.0
277,20.21081081081081,59.0
278,18.83243243243243,352.0
279,18.41891891891892,273.0
280,18.997297297297298,396.0
281,13.64864864864865,1200.0
282,8.886486486486486,1852.0
283,6.4837837837837835,2227.0
284,6.251351351351351,2089.0
285,7.289189189189189,2370.0
286,8.202702702702704,2028.0
287,9.886486486486486,1695.0
288,11.154054054054054,1185.0
289,10.645945945945945,1243.0
290,10.632432432432433,1150.0
291,11.256756756756756,1009.0
292,13.251351351351351,613.0
293,13.35945945945946,428.0
294,12.716216216216216,339.0
295,13.17027027027027,318.0
296,12.97027027027027,331.0
297,12.845945945945946,293.0
298,11.64054054054054,541.0
299,12.764864864864865,336.0
300,12.340540540540541,167.0
301,12.45135135135135,64.0
302,12.035135135135135,46.0
303,12.1,70.0
304,11.997297297297298,116.0
305,12.154054054054054,149.0
306,11.31891891891892,252.0
307,10.854054054054055,291.0
308,11.25945945945946,286.0
309,11.283783783783784,338.0
310,11.302702702702703,233.0
311,11.41891891891892,148.0
312,11.483783783783784,131.0
313,11.437837837837838,39.0
314,11.32972972972973,10.0
315,11.116216216216216,-1.0
316,15.451351351351352,218.0
317,16.56756756756757,263.0
318,19.543243243243243,-57.0
319,19.16216216216216,188.0
320,17.802702702702703,258.0
321,16.732432432432432,702.0
322,17.22972972972973,745.0
323,13.683783783783785,1119.0
324,7.08918918918919,2003.0
325,7.7729729729729735,1961.0
326,6.65945945945946,2049.0
327,6.68108108108108,2282.0
328,8.82162162162162,1501.0
329,6.705405405405405,1904.0
330,10.44864864864865,1541.0
331,11.083783783783785,1346.0
332,10.421621621621622,1301.0
333,10.613513513513514,1113.0
334,11.58108108108108,880.0
335,11.848648648648648,639.0
336,11.208108108108108,495.0
337,11.894594594594595,359.0
338,13.28918918918919,325.0
339,12.81081081081081,241.0
340,12.82972972972973,199.0
341,12.751351351351351,201.0
342,11.68108108108108,276.0
343,11.916216216216215,130.0
344,11.162162162162161,56.0
345,11.067567567567568,60.0
346,11.264864864864865,116.0
347,11.054054054054054,141.0
348,10.702702702702704,187.0
349,10.735135135135135,244.0
350,9.756756756756756,458.0
351,10.47027027027027,219.0
352,9.435135135135136,475.0
353,10.67027027027027,234.0
354,10.421621621621622,177.0
355,10.751351351351351,162.0
356,10.675675675675675,41.0
357,10.27027027027027,24.0
358,9.82972972972973,16.0
359,15.881081081081081,17.0
360,15.943243243243243,313.0
361,12.772972972972974,1081.0
362,15.505405405405407,371.0
363,15.045945945945947,892.0
364,16.94054054054054,606.0
365,14.416216216216215,933.0
366,13.443243243243243,1017.0
367,6.9,1817.0
368,7.375675675675675,1578.0
369,6.12972972972973,2069.0
370,3.9378378378378374,2511.0
371,7.497297297297297,2036.0
372,8.31891891891892,1715.0
373,7.856756756756757,2069.0
374,10.756756756756756,1455.0
375,10.121621621621621,1364.0
376,10.313513513513515,1048.0
377,11.47027027027027,856.0
378,10.964864864864865,831.0
379,10.737837837837839,705.0
380,10.575675675675676,517.0
381,11.58918918918919,327.0
382,11.694594594594594,309.0
383,11.902702702702703,206.0
384,12.07027027027027,305.0
385,10.616216216216216,508.0
386,10.932432432432432,396.0
387,10.875675675675675,136.0
388,9.545945945945945,82.0
389,9.72972972972973,69.0
390,10.097297297297297,116.0
391,10.54054054054054,113.0
392,10.17837837837838,234.0
393,9.513513513513514,330.0
394,10.143243243243244,235.0
395,6.9270270270270276,833.0
396,4.3999999999999995,1331.0
397,9.743243243243244,305.0
398,9.608108108108109,207.0
399,9.978378378378379,164.0
400,9.832432432432432,52.0
401,10.205405405405406,33.0
402,9.537837837837838,9.0
403,8.727027027027026,0.0
404,23.66756756756757,156.0
405,18.1,406.0
406,16.32972972972973,88.0
407,9.556756756756757,1254.0
408,11.502702702702702,811.0
409,14.129729729729728,644.0
410,14.29189189189189,927.0
411,18.624324324324323,350.0
412,12.713513513513513,1234.0
413,7.135135135135135,1755.0
414,4.88918918918919,2187.0
415,7.608108108108108,1631.0
416,5.5027027027027025,2025.0
417,5.967567567567568,2017.0
418,4.95945945945946,1971.0
419,5.616216216216216,2243.0
420,6.624324324324324,1984.0
421,6.427027027027027,2194.0
422,7.421621621621623,1846.0
423,9.12972972972973,1405.0
424,9.502702702702702,1119.0
425,9.9,912.0
426,9.81891891891892,786.0
427,10.078378378378378,615.0
428,9.945945945945946,402.0
429,10.04864864864865,295.0
430,11.08108108108108,239.0
431,10.702702702702704,205.0
432,11.127027027027026,298.0
433,11.102702702702704,276.0
434,9.82162162162162,243.0
435,9.575675675675676,183.0
436,8.748648648648649,125.0
437,9.41891891891892,86.0
438,8.95945945945946,135.0
439,8.7,249.0
440,9.143243243243244,181.0
441,8.524324324324324,326.0
442,8.01081081081081,339.0
443,8.121621621621621,303.0
444,7.251351351351351,621.0
445,8.08918918918919,573.0
446,8.78108108108108,215.0
447,8.41891891891892,191.0
448,9.378378378378379,40.0
449,8.797297297297296,41.0
450,9.064864864864864,0.0
451,8.44054054054054,0.0
452,19.33243243243243,822.0
453,6.6702702702702705,2919.0
454,17.57027027027027,9.0
455,13.31891891891892,65.0
456,11.74054054054054,879.0
457,13.159459459459459,390.0
458,11.3,723.0
459,11.062162162162162,976.0
460,16.64864864864865,349.0
461,9.194594594594594,1642.0
462,12.381081081081081,1178.0
463,12.44054054054054,1183.0
464,5.786486486486487,1937.0
465,6.345945945945946,1630.0
466,5.327027027027027,2054.0
467,6.632432432432433,1798.0
468,6.27027027027027,1674.0
469,5.313513513513513,1907.0
470,3.7189189189189187,2357.0
471,2.7135135135135138,2720.0
472,5.213513513513513,2261.0
473,8.816216216216215,1598.0
474,8.867567567567567,1282.0
475,8.724324324324325,1019.0
476,8.943243243243243,801.0
477,9.35945945945946,565.0
478,9.251351351351351,458.0
479,9.043243243243245,382.0
480,8.878378378378379,368.0
481,8.9,260.0
482,9.164864864864866,275.0
483,9.062162162162162,393.0
484,7.9702702702702695,499.0
485,7.991891891891892,331.0
486,8.31081081081081,220.0
487,7.248648648648649,134.0
488,7.875675675675675,114.0
489,7.840540540540541,171.0
490,7.651351351351352,194.0
491,7.48918918918919,278.0
492,6.943243243243242,498.0
493,6.905405405405405,455.0
494,6.718918918918919,407.0
495,5.767567567567568,767.0
496,7.472972972972973,379.0
497,7.5864864864864865,283.0
498,7.710810810810811,214.0
499,8.208108108108108,84.0
500,8.067567567567568,23.0
501,7.9270270270270276,10.0
502,7.351351351351352,0.0
503,19.07027027027027,1814.0
504,18.09189189189189,914.0
505,10.394594594594595,563.0
506,12.618918918918919,74.0
507,8.40810810810811,1327.0
508,12.4,746.0
509,18.55945945945946,173.0
510,9.113513513513514,1554.0
511,13.77837837837838,802.0
512,12.943243243243243,964.0
513,6.805405405405405,1535.0
514,4.597297297297297,2060.0
515,7.448648648648649,1642.0
516,7.337837837837838,1537.0
517,6.205405405405405,1466.0
518,3.6621621621621623,2330.0
519,2.616216216216216,2405.0
520,1.8972972972972975,2348.0
521,2.6135135135135137,2738.0
522,8.14054054054054,1724.0
523,8.7,1348.0
524,8.064864864864864,1160.0
525,7.864864864864865,935.0
526,7.745945945945946,777.0
527,8.024324324324324,651.0
528,8.454054054054055,487.0
529,8.116216216216216,421.0
530,8.14864864864865,330.0
531,7.262162162162162,325.0
532,7.783783783783784,251.0
533,8.583783783783785,288.0
534,8.272972972972974,332.0
535,7.337837837837838,397.0
536,7.008108108108108,292.0
537,6.9702702702702695,145.0
538,6.672972972972973,185.0
539,6.935135135135136,116.0
540,6.186486486486487,229.0
541,6.594594594594595,262.0
542,6.245945945945945,381.0
543,7.018918918918919,342.0
544,5.651351351351352,647.0
545,3.437837837837838,874.0
546,3.627027027027027,918.0
547,6.975675675675676,251.0
548,7.210810810810811,120.0
549,6.845945945945946,35.0
550,7.210810810810811,7.0
551,4.894594594594595,0.0
552,21.08648648648649,1144.0
553,11.902702702702703,279.0
554,12.82972972972973,292.0
555,12.235135135135135,94.0
556,-4.510810810810811,3362.0
557,7.956756756756756,1554.0
558,11.043243243243245,1242.0
559,11.44054054054054,1174.0
560,12.17027027027027,941.0
561,8.297297297297296,1569.0
562,3.745945945945946,2035.0
563,3.15945945945946,2205.0
564,8.627027027027026,1254.0
565,4.445945945945946,2026.0
566,2.472972972972973,2393.0
567,-8.413513513513514,3890.0
568,-1.691891891891892,3123.0
569,-4.951351351351351,3588.0
570,7.672972972972972,1555.0
571,6.851351351351352,1343.0
572,6.616216216216216,1195.0
573,6.5351351351351346,1096.0
574,7.221621621621622,895.0
575,7.110810810810811,666.0
576,7.167567567567567,549.0
577,7.448648648648649,434.0
578,6.921621621621623,429.0
579,6.805405405405406,314.0
580,7.327027027027028,294.0
581,6.88918918918919,278.0
582,7.043243243243244,260.0
583,6.702702702702703,210.0
584,6.57027027027027,217.0
585,6.394594594594595,123.0
586,5.61081081081081,156.0
587,5.197297297297298,148.0
588,5.954054054054055,206.0
589,5.821621621621622,169.0
590,5.186486486486487,269.0
591,5.4135135135135135,371.0
592,7.1891891891891895,195.0
593,5.962162162162162,393.0
594,3.6864864864864866,669.0
595,5.916216216216216,394.0
596,6.34054054054054,236.0
597,6.732432432432432,111.0
598,6.435135135135135,22.0
599,6.772972972972973,1.0
600,23.44324324324324,113.0
601,23.145945945945947,259.0
602,13.005405405405405,304.0
603,11.875675675675675,455.0
604,12.348648648648648,80.0
605,1.4945945945945944,2192.0
606,2.172972972972973,2402.0
607,9.043243243243245,1331.0
608,5.762162162162162,1717.0
609,9.467567567567567,1240.0
610,5.475675675675675,1863.0
611,4.737837837837838,1581.0
612,3.705405405405405,2017.0
613,2.937837837837838,2211.0
614,5.018918918918919,1759.0
615,0.5108108108108108,2660.0
616,3.2621621621621624,2186.0
617,-0.3459459459459459,2739.0
618,-5.505405405405405,3643.0
619,1.4702702702702701,2614.0
620,5.154054054054054,1928.0
621,5.281081081081081,1456.0
622,6.1702702702702705,1290.0
623,6.521621621621622,1009.0
624,6.6891891891891895,805.0
625,6.5,636.0
626,6.47027027027027,471.0
627,6.0,368.0
628,5.816216216216216,344.0
629,5.72972972972973,333.0
630,6.275675675675675,250.0
631,5.954054054054055,225.0
632,5.551351351351352,271.0
633,5.594594594594595,204.0
634,5.272972972972973,188.0
635,5.037837837837838,162.0
636,4.851351351351352,163.0
637,4.302702702702702,148.0
638,4.243243243243243,164.0
639,4.84054054054054,202.0
640,4.367567567567567,247.0
641,4.216216216216216,331.0
642,4.440540540540541,266.0
643,3.672972972972973,462.0
644,2.0567567567567564,734.0
645,3.3783783783783785,621.0
646,5.816216216216216,130.0
647,5.435135135135135,53.0
648,4.9324324324324325,0.0
649,4.264864864864865,-1.0
650,21.991891891891893,180.0
651,12.243243243243244,327.0
652,12.91891891891892,177.0
653,11.90810810810811,40.0
654,6.0675675675675675,1610.0
655,2.072972972972973,2136.0
656,6.4972972972972975,1583.0
657,5.608108108108108,1754.0
658,5.5864864864864865,1475.0
659,3.6324324324324326,1822.0
660,3.8054054054054047,1989.0
661,5.58918918918919,1536.0
662,4.954054054054055,1841.0
663,4.38918918918919,1845.0
664,4.275675675675675,1930.0
665,5.8297297297297295,1469.0
666,3.072972972972973,2073.0
667,2.516216216216216,2196.0
668,-6.281081081081081,3516.0
669,7.224324324324325,1815.0
670,6.394594594594595,1616.0
671,6.02972972972973,1344.0
672,6.283783783783784,1052.0
673,6.175675675675675,900.0
674,5.827027027027027,733.0
675,5.47027027027027,558.0
676,5.543243243243243,470.0
677,5.3999999999999995,410.0
678,5.591891891891892,360.0
679,5.52972972972973,256.0
680,5.202702702702703,258.0
681,4.8108108108108105,263.0
682,4.824324324324325,213.0
683,4.467567567567568,133.0
684,4.235135135135135,179.0
685,3.618918918918919,202.0
686,3.5999999999999996,199.0
687,3.4135135135135135,246.0
688,2.927027027027027,269.0
689,3.554054054054054,200.0
690,2.6297297297297297,320.0
691,3.2864864864864862,223.0
692,3.6864864864864866,255.0
693,4.256756756756757,270.0
694,0.1648648648648649,1046.0
695,5.11081081081081,243.0
696,4.5027027027027025,124.0
697,4.205405405405405,41.0
698,4.048648648648649,15.0
699,19.997297297297298,821.0
700,20.84864864864865,499.0
701,12.518918918918919,0.0
702,12.156756756756756,-1.0
703,10.686486486486485,660.0
704,-1.0675675675675675,2433.0
705,6.1378378378378375,1669.0
706,3.7027027027027026,2030.0
707,0.8918918918918919,2468.0
708,4.883783783783784,1851.0
709,3.972972972972973,1916.0
710,5.891891891891892,1423.0
711,4.883783783783784,1427.0
712,4.397297297297297,1819.0
713,1.727027027027027,2194.0
714,3.5729729729729724,1889.0
715,1.545945945945946,2264.0
716,-3.5999999999999996,2974.0
717,-2.27027027027027,2852.0
718,0.9945945945945948,2591.0
719,5.372972972972973,1492.0
720,5.510810810810811,1326.0
721,5.462162162162162,1166.0
722,5.464864864864865,950.0
723,5.575675675675676,783.0
724,4.91081081081081,702.0
725,4.767567567567568,562.0
726,4.510810810810811,451.0
727,4.856756756756757,342.0
728,5.048648648648649,331.0
729,4.124324324324324,339.0
730,3.913513513513514,308.0
731,4.056756756756757,241.0
732,3.7189189189189187,200.0
733,3.4,130.0
734,2.8783783783783785,217.0
735,2.864864864864865,222.0
736,2.516216216216216,234.0
737,2.57027027027027,235.0
738,1.8270270270270268,351.0
739,1.7594594594594597,311.0
740,2.164864864864865,223.0
741,2.9216216216216218,198.0
742,2.5243243243243243,328.0
743,1.6891891891891893,571.0
744,3.972972972972973,221.0
745,2.8891891891891888,148.0
746,3.075675675675676,64.0
747,3.1567567567567565,10.0
748,2.591891891891892,18.0
749,20.40810810810811,602.0
750,12.043243243243245,24.0
751,11.254054054054054,419.0
752,12.772972972972974,111.0
753,-4.883783783783784,2917.0
754,5.856756756756757,1328.0
755,6.010810810810811,1669.0
756,4.27027027027027,1790.0
757,2.9351351351351354,1847.0
758,2.6270270270270273,2021.0
759,3.810810810810811,1783.0
760,5.905405405405405,1384.0
761,4.643243243243243,1573.0
762,-1.6513513513513514,2464.0
763,2.402702702702703,1920.0
764,4.713513513513513,1511.0
765,1.5675675675675675,1847.0
766,-2.0,2607.0
767,-1.2972972972972974,2572.0
768,5.102702702702703,1759.0
769,5.035135135135135,1648.0
770,5.4324324324324325,1325.0
771,4.54054054054054,1020.0
772,4.672972972972973,899.0
773,4.489189189189189,863.0
774,4.11081081081081,630.0
775,4.210810810810811,526.0
776,4.005405405405406,386.0
777,3.6945945945945944,375.0
778,3.116216216216216,379.0
779,3.5567567567567564,308.0
780,3.2675675675675677,216.0
781,2.945945945945946,224.0
782,2.4216216216216213,223.0
783,2.564864864864865,203.0
784,2.3,219.0
785,2.2837837837837838,203.0
786,1.8945945945945943,226.0
787,1.316216216216216,260.0
788,1.4378378378378378,251.0
789,1.2162162162162162,280.0
790,1.0135135135135136,309.0
791,1.627027027027027,322.0
792,1.9108108108108108,302.0
793,-1.32972972972973,855.0
794,2.0513513513513515,359.0
795,1.3756756756756758,163.0
796,1.218918918918919,114.0
797,1.091891891891892,34.0
798,1.4,22.0
799,20.57027027027027,998.0
800,19.52972972972973,2.0
801,11.072972972972973,266.0
802,10.497297297297298,453.0
803,12.3,68.0
804,6.61081081081081,1412.0
805,3.27027027027027,1849.0
806,6.294594594594595,1357.0
807,7.794594594594594,1222.0
808,4.967567567567568,1562.0
809,2.4864864864864864,1910.0
810,2.6135135135135137,1867.0
811,3.0243243243243243,1286.0
812,4.9837837837837835,1552.0
813,4.9972972972972975,1553.0
814,-1.4135135135135137,2548.0
815,1.4054054054054055,2090.0
816,-0.16216216216216217,2228.0
817,0.1837837837837838,2031.0
818,1.0162162162162163,2205.0
819,0.654054054054054,2175.0
820,4.7405405405405405,1673.0
821,5.491891891891892,1258.0
822,3.383783783783784,1171.0
823,3.1027027027027025,1143.0
824,3.7405405405405405,865.0
825,3.391891891891892,719.0
826,3.5189189189189185,645.0
827,3.389189189189189,498.0
828,3.1675675675675676,334.0
829,2.0945945945945947,411.0
830,1.9675675675675675,296.0
831,1.3729729729729732,293.0
832,1.718918918918919,222.0
833,1.4324324324324325,244.0
834,1.6054054054054057,192.0
835,1.718918918918919,225.0
836,2.018918918918919,217.0
837,1.3243243243243243,226.0
838,0.8162162162162162,267.0
839,0.23243243243243247,254.0
840,0.5324324324324324,210.0
841,0.7702702702702703,241.0
842,0.40810810810810805,322.0
843,-0.010810810810810721,370.0
844,0.05675675675675666,356.0
845,-0.010810810810810862,471.0
846,-0.18378378378378382,468.0
847,0.6135135135135135,142.0
848,0.14324324324324325,68.0
849,0.39729729729729735,42.0
850,1.5918918918918918,0.0
851,8.513513513513514,696.0
852,11.14054054054054,417.0
853,8.756756756756756,918.0
854,2.3324324324324324,1858.0
855,4.556756756756757,1602.0
856,5.224324324324325,1450.0
857,1.9216216216216215,2024.0
858,3.110810810810811,1710.0
859,2.3729729729729727,1646.0
860,2.22972972972973,1960.0
861,2.9054054054054053,1286.0
862,3.8054054054054056,1581.0
863,-1.4702702702702701,2280.0
864,0.010810810810810804,2112.0
865,-0.6459459459459459,2052.0
866,-0.6243243243243243,2009.0
867,0.30000000000000004,1980.0
868,-0.0027027027027026937,2303.0
869,4.8810810810810805,1681.0
870,4.608108108108108,1420.0
871,3.8675675675675674,1318.0
872,2.9783783783783786,1175.0
873,3.2729729729729726,968.0
874,3.418918918918919,807.0
875,3.0864864864864865,635.0
876,3.291891891891892,488.0
877,2.9162162162162164,371.0
878,2.389189189189189,382.0
879,1.4837837837837837,372.0
880,0.40270270270270264,366.0
881,0.15945945945945944,300.0
882,0.34054054054054056,287.0
883,0.8108108108108109,255.0
884,0.7567567567567568,252.0
885,0.7162162162162163,251.0
886,1.6108108108108108,195.0
887,0.05405405405405409,241.0
888,-0.26486486486486477,276.0
889,-0.8108108108108109,272.0
890,-3.1135135135135137,170.0
891,0.3378378378378379,220.0
892,-0.6216216216216215,288.0
893,-0.7891891891891891,469.0
894,-0.7891891891891891,480.0
895,0.7945945945945947,212.0
896,-0.4486486486486486,145.0
897,-1.7459459459459459,460.0
898,-1.0729729729729731,298.0
899,-0.005405405405405438,37.0
900,-0.33513513513513515,0.0
901,10.675675675675675,213.0
902,7.402702702702702,947.0
903,11.056756756756757,128.0
904,3.289189189189189,1616.0
905,2.918918918918919,1618.0
906,2.7162162162162162,1759.0
907,5.754054054054055,1318.0
908,4.602702702702702,1474.0
909,3.1459459459459462,1686.0
910,-1.8270270270270268,2394.0
911,2.924324324324324,1664.0
912,2.6783783783783783,1748.0
913,2.572972972972973,1627.0
914,-3.5594594594594593,2128.0
915,-1.4189189189189189,2055.0
916,-5.662162162162162,2882.0
917,-0.41621621621621624,2111.0
918,2.151351351351351,1980.0
919,3.6135135135135132,1590.0
920,3.794594594594595,1498.0
921,2.9486486486486485,1117.0
922,3.064864864864865,1048.0
923,2.9972972972972975,921.0
924,3.0837837837837836,821.0
925,2.4702702702702704,660.0
926,2.2864864864864862,451.0
927,1.8675675675675674,490.0
928,1.4054054054054055,412.0
929,0.527027027027027,410.0
930,0.672972972972973,354.0
931,-0.5513513513513513,335.0
932,-0.5945945945945947,332.0
933,0.010810810810810804,209.0
934,0.6243243243243243,278.0
935,-0.24594594594594588,249.0
936,0.09729729729729732,237.0
937,-0.33513513513513515,198.0
938,-0.827027027027027,244.0
939,-0.8405405405405406,277.0
940,-1.4297297297297298,301.0
941,-1.8054054054054054,173.0
942,-1.0243243243243243,320.0
943,-1.8513513513513513,430.0
944,-1.516216216216216,451.0
945,-1.989189189189189,501.0
946,-2.2135135135135138,352.0
947,-2.708108108108108,371.0
948,-2.045945945945946,261.0
949,-0.8297297297297298,2.0
950,-0.645945945945946,16.0
951,9.462162162162162,426.0
952,-0.8216216216216216,2165.0
953,5.6702702702702705,967.0
954,3.018918918918919,1464.0
955,2.5405405405405403,1678.0
956,3.4216216216216213,1508.0
957,3.6648648648648647,1528.0
958,2.5864864864864865,1599.0
959,3.151351351351351,1686.0
960,4.678378378378378,1207.0
961,3.521621621621622,1279.0
962,3.2621621621621624,1373.0
963,-2.402702702702703,1875.0
964,-2.472972972972973,2268.0
965,-12.22162162162162,3648.0
966,2.345945945945946,1634.0
967,1.664864864864865,1775.0
968,3.918918918918919,1583.0
969,2.6675675675675676,1459.0
970,2.1621621621621623,1223.0
971,4.697297297297298,1043.0
972,2.616216216216216,750.0
973,2.2810810810810813,715.0
974,1.8081081081081083,555.0
975,0.727027027027027,514.0
976,0.9945945945945945,401.0
977,0.024324324324324388,499.0
978,-0.037837837837837854,482.0
979,-0.14864864864864866,351.0
980,-0.7675675675675675,366.0
981,-1.1594594594594594,391.0
982,-0.7675675675675675,292.0
983,-1.0,299.0
984,-0.4243243243243244,238.0
985,-0.827027027027027,313.0
986,-1.3837837837837836,267.0
987,-1.2378378378378379,275.0
988,-1.4351351351351351,190.0
989,-2.562162162162162,242.0
990,-3.408108108108108,437.0
991,-3.1459459459459462,412.0
992,-2.1432432432432433,286.0
993,-2.7324324324324323,306.0
994,-3.721621621621621,429.0
995,-3.1135135135135137,245.0
996,-2.6486486486486487,221.0
997,-2.2135135135135138,34.0
998,-1.8135135135135134,26.0
999,3.864864864864865,1315.0
1000,2.7432432432432434,1509.0
1001,2.9594594594594597,1244.0
1002,2.3324324324324324,1574.0
1003,0.02162162162162165,2087.0
1004,1.4000000000000001,1840.0
1005,3.5594594594594593,1178.0
1006,-0.01891891891891893,2002.0
1007,5.237837837837838,952.0
1008,1.67027027027027,1735.0
1009,0.9648648648648648,1709.0
1010,0.9081081081081082,1584.0
1011,-2.3027027027027027,2096.0
1012,-4.1891891891891895,2425.0
1013,-11.608108108108109,3601.0
1014,3.0783783783783787,1389.0
1015,-4.11081081081081,2672.0
1016,3.135135135135135,1364.0
1017,1.2135135135135136,1352.0
1018,1.264864864864865,1621.0
1019,2.9567567567567568,760.0
1020,2.1405405405405404,744.0
1021,1.5108108108108107,593.0
1022,0.38378378378378375,561.0
1023,-0.0324324324324325,405.0
1024,-1.3486486486486486,538.0
1025,-1.045945945945946,491.0
1026,-0.981081081081081,318.0
1027,-1.3567567567567569,293.0
1028,-1.0594594594594593,274.0
1029,-0.9324324324324325,260.0
1030,-2.0675675675675675,344.0
1031,-2.2216216216216216,325.0
1032,-1.227027027027027,255.0
1033,-1.3027027027027027,235.0
1034,-1.4567567567567568,220.0
1035,-2.8432432432432435,425.0
1036,-2.4945945945945946,226.0
1037,-2.7270270270270274,207.0
1038,-3.0081081081081082,210.0
1039,-2.5675675675675675,119.0
1040,-3.235135135135135,196.0
1041,-2.3216216216216212,135.0
1042,-4.2216216216216225,419.0
1043,-5.245945945945945,469.0
1044,-3.7432432432432434,73.0
1045,-3.554054054054054,303.0
1046,-2.7810810810810813,144.0
1047,-3.016216216216216,15.0
1048,-0.9891891891891892,8.0
1049,9.391891891891891,319.0
1050,7.5675675675675675,488.0
1051,5.57027027027027,1080.0
1052,1.3891891891891892,1613.0
1053,4.356756756756757,1353.0
1054,2.454054054054054,1440.0
1055,3.2189189189189187,1357.0
1056,4.718918918918919,1005.0
1057,5.421621621621622,802.0
1058,1.3918918918918919,1632.0
1059,-6.105405405405405,2631.0
1060,-3.1675675675675676,2271.0
1061,-0.2189189189189189,1736.0
1062,-6.34054054054054,2563.0
1063,-1.6297297297297297,2104.0
1064,3.2864864864864862,1691.0
1065,-3.1,2490.0
1066,2.916216216216216,1186.0
1067,2.2162162162162162,1209.0
1068,2.116216216216216,1105.0
1069,2.472972972972973,926.0
1070,1.645945945945946,790.0
1071,0.854054054054054,654.0
1072,-0.6945945945945947,581.0
1073,-1.0864864864864865,450.0
1074,-2.6783783783783783,551.0
1075,-1.9378378378378378,388.0
1076,-2.0243243243243243,313.0
1077,-2.5,344.0
1078,-1.5135135135135136,280.0
1079,-2.2405405405405405,321.0
1080,-2.3567567567567567,343.0
1081,-3.3729729729729727,437.0
1082,-3.2513513513513512,419.0
1083,-2.075675675675676,222.0
1084,-2.408108108108108,232.0
1085,-2.6648648648648647,285.0
1086,-4.891891891891892,378.0
1087,-3.8540540540540538,355.0
1088,-5.097297297297297,359.0
1089,-6.4,502.0
1090,-6.578378378378378,619.0
1091,-5.902702702702703,478.0
1092,-4.767567567567568,295.0
1093,-2.6837837837837837,41.0
1094,9.421621621621622,184.0
1095,8.202702702702704,269.0
1096,3.989189189189189,1183.0
1097,1.7108108108108109,1451.0
1098,2.4783783783783786,1346.0
1099,2.245945945945946,1352.0
1100,1.5432432432432432,1406.0
1101,4.205405405405405,826.0
1102,-0.24324324324324326,1449.0
1103,-5.213513513513513,2558.0
1104,-4.354054054054054,2568.0
1105,-0.2972972972972973,1784.0
1106,-3.7513513513513517,2463.0
1107,-2.672972972972973,2200.0
1108,-4.583783783783784,2745.0
1109,1.5567567567567568,1865.0
1110,3.7729729729729726,1069.0
1111,3.2162162162162162,1044.0
1112,2.710810810810811,961.0
1113,1.8351351351351353,1016.0
1114,0.8297297297297298,817.0
1115,-0.14324324324324325,685.0
1116,-1.4378378378378378,614.0
1117,-2.6648648648648647,562.0
1118,-3.2567567567567566,423.0
1119,-2.383783783783784,428.0
1120,-3.191891891891892,310.0
1121,-3.691891891891892,400.0
1122,-3.4567567567567568,387.0
1123,-2.708108108108108,293.0
1124,-2.7486486486486488,332.0
1125,-4.0729729729729724,446.0
1126,-3.9756756756756757,485.0
1127,-4.283783783783784,461.0
1128,-3.967567567567568,258.0
1129,-4.227027027027027,216.0
1130,-2.808108108108108,174.0
1131,-3.9810810810810815,259.0
1132,-3.9756756756756757,197.0
1133,-6.059459459459459,84.0
1134,-5.5864864864864865,183.0
1135,-7.6054054054054046,505.0
1136,-6.378378378378378,46.0
1137,-5.021621621621622,168.0
1138,-5.043243243243243,160.0
1139,-3.8027027027027023,40.0
1140,6.864864864864865,488.0
1141,7.508108108108108,234.0
1142,1.6108108108108108,1457.0
1143,5.245945945945945,1037.0
1144,0.051351351351351306,1737.0
1145,1.5567567567567568,1532.0
1146,2.8891891891891888,1042.0
1147,1.3864864864864863,1336.0
1148,-3.1027027027027025,2103.0
1149,4.172972972972973,1210.0
1150,-3.8027027027027023,1956.0
1151,1.7027027027027026,1560.0
1152,2.245945945945946,1471.0
1153,2.618918918918919,1505.0
1154,2.794594594594595,1202.0
1155,3.1054054054054054,939.0
1156,3.7972972972972974,941.0
1157,1.8594594594594593,776.0
1158,0.9783783783783785,900.0
1159,0.2729729729729729,862.0
1160,-0.8297297297297297,744.0
1161,-1.5162162162162163,603.0
1162,-2.862162162162162,585.0
1163,-3.6783783783783783,608.0
1164,-3.651351351351351,417.0
1165,-4.08918918918919,283.0
1166,-4.783783783783784,419.0
1167,-4.437837837837837,466.0
1168,-4.148648648648648,376.0
1169,-4.272972972972973,264.0
1170,-4.754054054054055,330.0
1171,-5.42972972972973,471.0
1172,-5.578378378378378,514.0
1173,-5.878378378378378,441.0
1174,-4.813513513513513,246.0
1175,-5.0027027027027025,270.0
1176,-5.851351351351352,202.0
1177,-5.051351351351352,218.0
1178,-6.718918918918919,99.0
1179,-5.1891891891891895,159.0
1180,-6.443243243243243,197.0
1181,-7.254054054054054,392.0
1182,-8.405405405405405,765.0
1183,-5.297297297297297,111.0
1184,-4.218918918918919,46.0
1185,7.754054054054054,195.0
1186,6.9702702702702695,119.0
1187,-1.2054054054054055,1700.0
1188,3.0081081081081082,1037.0
1189,3.2486486486486488,1078.0
1190,1.7999999999999998,1347.0
1191,3.610810810810811,929.0
1192,1.0972972972972974,1581.0
1193,-1.4324324324324325,1871.0
1194,1.5432432432432432,1498.0
1195,-2.1297297297297297,1943.0
1196,1.018918918918919,1679.0
1197,0.8594594594594593,1565.0
1198,1.0297297297297296,1383.0
1199,1.3675675675675676,1189.0
1200,1.935135135135135,1010.0
1201,1.1162162162162161,921.0
1202,0.24054054054054055,807.0
1203,-0.2054054054054055,816.0
1204,-1.1243243243243244,785.0
1205,-2.110810810810811,682.0
1206,-3.5729729729729724,659.0
1207,-4.356756756756757,571.0
1208,-4.04054054054054,461.0
1209,-4.4324324324324325,324.0
1210,-5.667567567567567,333.0
1211,-5.986486486486487,449.0
1212,-5.213513513513513,389.0
1213,-5.316216216216216,394.0
1214,-7.305405405405406,492.0
1215,-4.343243243243243,290.0
1216,-3.4135135135135135,252.0
1217,-3.8378378378378377,181.0
1218,-3.902702702702703,215.0
1219,-4.718918918918919,283.0
1220,-5.251351351351351,222.0
1221,-6.797297297297297,225.0
1222,-7.1054054054054046,238.0
1223,-8.58108108108108,556.0
1224,-9.04054054054054,612.0
1225,-4.802702702702702,54.0
1226,-4.737837837837838,104.0
1227,-3.589189189189189,0.0
1228,7.694594594594594,153.0
1229,6.145945945945946,219.0
1230,6.705405405405405,152.0
1231,0.9216216216216216,1166.0
1232,4.905405405405405,324.0
1233,6.227027027027027,92.0
1234,5.554054054054054,378.0
1235,4.218918918918919,727.0
1236,3.0081081081081082,986.0
1237,-3.7891891891891887,2021.0
1238,-2.5513513513513515,2013.0
1239,-0.23513513513513518,1516.0
1240,0.8054054054054054,1579.0
1241,2.186486486486486,1493.0
1242,1.1486486486486487,1287.0
1243,2.010810810810811,896.0
1244,0.7621621621621621,901.0
1245,0.5459459459459459,761.0
1246,-0.4378378378378379,858.0
1247,-1.3864864864864863,704.0
1248,-2.462162162162162,617.0
1249,-4.27027027027027,627.0
1250,-4.28918918918919,494.0
1251,-5.2918918918918925,478.0
1252,-7.578378378378377,458.0
1253,-6.937837837837837,255.0
1254,-6.175675675675675,353.0
1255,-5.556756756756757,401.0
1256,-5.945945945945946,430.0
1257,-6.621621621621622,413.0
1258,-7.648648648648648,529.0
1259,-8.216216216216216,489.0
1260,-6.37027027027027,337.0
1261,-5.532432432432432,339.0
1262,-7.364864864864865,454.0
1263,-7.324324324324325,288.0
1264,-5.121621621621622,122.0
1265,-5.156756756756757,120.0
1266,-4.64054054054054,26.0
1267,5.743243243243243,404.0
1268,4.694594594594594,466.0
1269,6.0864864864864865,282.0
1270,-0.2108108108108108,1314.0
1271,2.945945945945946,729.0
1272,4.813513513513513,284.0
1273,4.559459459459459,441.0
1274,2.472972972972973,982.0
1275,0.5324324324324325,1272.0
1276,4.308108108108108,828.0
1277,-3.6162162162162166,1926.0
1278,1.1972972972972973,1403.0
1279,1.8837837837837839,1069.0
1280,1.6432432432432433,898.0
1281,1.1567567567567567,984.0
1282,0.5162162162162163,733.0
1283,-1.3810810810810812,636.0
1284,-2.6216216216216215,789.0
1285,-2.1864864864864866,656.0
1286,-3.7162162162162162,705.0
1287,-5.2594594594594595,681.0
1288,-4.735135135135135,444.0
1289,-7.7081081081081075,502.0
1290,-7.421621621621623,474.0
1291,-6.602702702702703,254.0
1292,-7.0162162162162165,329.0
1293,-6.878378378378378,389.0
1294,-6.424324324324324,358.0
1295,-6.7918918918918925,379.0
1296,-6.975675675675676,369.0
1297,-8.205405405405406,468.0
1298,-5.805405405405406,206.0
1299,-7.916216216216216,385.0
1300,-8.002702702702702,426.0
1301,-7.127027027027027,159.0
1302,-5.61081081081081,79.0
1303,6.605405405405405,210.0
1304,5.335135135135135,207.0
1305,0.4756756756756757,1270.0
1306,-1.7945945945945947,1467.0
1307,3.989189189189189,388.0
1308,3.427027027027027,531.0
1309,2.5486486486486486,726.0
1310,0.25675675675675674,1139.0
1311,0.7594594594594595,1240.0
1312,1.5864864864864865,974.0
1313,-2.9675675675675675,1690.0
1314,0.6459459459459459,1084.0
1315,0.11081081081081083,1015.0
1316,0.3486486486486486,846.0
1317,-0.6189189189189189,963.0
1318,-2.154054054054054,861.0
1319,-3.6054054054054054,943.0
1320,-2.408108108108108,708.0
1321,-4.113513513513513,647.0
1322,-4.794594594594595,590.0
1323,-5.394594594594595,488.0
1324,-7.767567567567567,666.0
1325,-7.743243243243243,466.0
1326,-7.164864864864866,401.0
1327,-7.62972972972973,279.0
1328,-7.654054054054054,344.0
1329,-11.445945945945946,320.0
1330,-9.21081081081081,370.0
1331,-7.6702702702702705,280.0
1332,-8.586486486486486,185.0
1333,-6.872972972972973,107.0
1334,6.4135135135135135,78.0
1335,6.45945945945946,40.0
1336,5.683783783783784,354.0
1337,1.0513513513513513,684.0
1338,2.2027027027027026,617.0
1339,0.6351351351351351,956.0
1340,1.3891891891891892,693.0
1341,-2.616216216216216,1520.0
1342,-0.9081081081081082,1452.0
1343,-4.45945945945946,1780.0
1344,-1.0297297297297299,1280.0
1345,-0.9648648648648649,1205.0
1346,-0.345945945945946,872.0
1347,-0.7432432432432432,832.0
1348,-2.2837837837837838,823.0
1349,-9.827027027027027,260.0
1350,-8.902702702702703,216.0
1351,-8.583783783783785,211.0
1352,6.902702702702703,142.0
1353,-0.9945945945945945,1417.0
1354,6.851351351351352,0.0
1355,5.608108108108108,297.0
1356,1.6405405405405407,659.0
1357,-0.3297297297297297,1164.0
1358,1.6216216216216217,746.0
1359,-2.437837837837838,1415.0
1360,-2.8675675675675674,1582.0
1361,-0.962162162162162,1438.0
1362,6.481081081081081,82.0
1363,6.440540540540541,0.0
1364,6.132432432432433,157.0
1365,-0.5378378378378379,1143.0
1366,-7.840540540540541,2229.0
1367,2.454054054054054,96.0
1368,5.035135135135135,0.0
1369,3.118918918918919,220.0
1370,-2.0783783783783787,772.0
1371,4.1432432432432424,0.0
1372,3.7027027027027026,0.0
1373,2.2513513513513512,0.0
1374,-8.486486486486486,1637.0
1375,3.402702702702703,0.0
1376,2.5405405405405403,43.0
1377,1.981081081081081,0.0
1378,-5.878378378378378,1168.0
1379,5.489189189189189,70.0
1380,3.1675675675675676,0.0
1381,-0.1405405405405405,333.0
1382,-8.497297297297298,1641.0
1383,3.3189189189189188,241.0
1384,1.1,60.0
1385,-4.083783783783784,899.0
1386,-1.9972972972972975,500.0
1387,0.6945945945945946,65.0
1388,-1.7729729729729728,760.0
1389,-4.494594594594595,751.0
1390,0.016216216216216217,0.0
1391,-0.5486486486486487,0.0
1392,-9.162162162162161,1548.0
1393,-11.251351351351351,930.0
1394,-9.98918918918919,1002.0
1395,-5.5864864864864865,576.0
1396,-10.832432432432432,1335.0
1397,-7.648648648648648,1228.0
1398,-7.0297297297297305,967.0
1399,0.032432432432432476,69.0
1400,2.072972972972973,234.0
1401,-2.5405405405405403,738.0
1402,-9.054054054054054,1455.0
1403,-8.00810810810811,661.0
1404,-15.464864864864866,2221.0
1405,1.0648648648648649,0.0
1406,0.8135135135135135,0.0
1407,-1.1648648648648647,18.0
1408,-2.672972972972973,24.0
1409,-3.8540540540540538,444.0
1410,-7.5729729729729724,1031.0
1411,-14.675675675675675,2229.0
1412,-0.07837837837837838,118.0
1413,-0.527027027027027,36.0
1414,-4.783783783783784,554.0
1415,-10.505405405405405,1234.0
1416,-4.275675675675675,488.0
1417,0.5945945945945946,124.0
1418,-1.7162162162162162,481.0
1419,-1.537837837837838,32.0
1420,-9.532432432432433,764.0
1421,-14.329729729729731,1079.0
1422,-16.0,2095.0
1423,-16.256756756756758,1240.0
1424,-1.4594594594594594,0.0
1425,-3.978378378378378,508.0
1426,-4.41081081081081,343.0
1427,-5.7594594594594595,62.0
1428,-12.975675675675674,893.0
1429,-1.2567567567567568,0.0
1430,0.818918918918919,0.0
1431,-3.0081081081081082,251.0
1432,-3.1567567567567565,169.0
1433,-8.3,816.0
1434,-3.708108108108108,471.0
1435,-6.808108108108108,644.0
1436,-1.4189189189189189,0.0
1437,-11.71891891891892,1042.0
1438,-10.62972972972973,356.0
1439,-16.48918918918919,2032.0
1440,-19.732432432432432,834.0
1441,-22.032432432432433,646.0
1442,-0.9378378378378379,0.0
1443,-2.072972972972973,0.0
1444,-4.267567567567568,117.0
1445,-8.432432432432432,1349.0
1446,-7.035135135135135,403.0
1447,-7.202702702702703,50.0
1448,-7.297297297297297,4.0
1449,-9.997297297297298,551.0
1450,-7.6891891891891895,282.0
1451,-3.364864864864865,0.0
1452,-4.5864864864864865,278.0
1453,-9.63783783783784,608.0
1454,-12.37027027027027,1033.0
1455,-12.937837837837838,2135.0
1456,-15.054054054054054,1679.0
1457,-16.354054054054053,535.0
1458,-15.694594594594596,792.0
1459,-19.35945945945946,1380.0
1460,-21.58648648648649,868.0
1461,-21.72972972972973,1178.0
1462,-0.2891891891891891,221.0
1463,-0.7999999999999999,132.0
1464,-2.2486486486486488,264.0
1465,-2.345945945945946,164.0
1466,-3.7270270270270274,242.0
1467,-3.17027027027027,16.0
1468,-4.327027027027027,24.0
1469,-5.481081081081081,4.0
1470,-6.302702702702702,1.0
1471,-8.564864864864864,8.0
1472,-10.54864864864865,27.0
1473,-11.145945945945945,246.0
1474,-9.602702702702704,12.0
1475,-12.494594594594595,1108.0
1476,-10.105405405405405,10.0
1477,-8.702702702702704,0.0
1478,-10.381081081081081,103.0
1479,-10.956756756756755,693.0
1480,-18.497297297297298,800.0
1481,-18.054054054054053,1220.0
1482,-14.124324324324325,753.0
1483,-20.032432432432433,693.0
1484,-22.394594594594594,541.0
1485,-22.424324324324324,810.0
1486,0.9324324324324325,107.0
1487,0.5972972972972973,106.0
1488,-1.1513513513513511,0.0
1489,-4.513513513513513,766.0
1490,-9.92972972972973,25.0
1491,-11.481081081081081,16.0
1492,-12.478378378378379,131.0
1493,-14.072972972972973,430.0
1494,-14.97027027027027,752.0
1495,-14.91891891891892,1242.0
1496,-8.732432432432432,772.0
1497,-9.41891891891892,86.0
1498,-10.775675675675675,805.0
1499,-16.9,934.0
1500,-15.224324324324323,1228.0
1501,-20.58648648648649,531.0
1502,-20.18378378378378,1172.0
1503,-20.645945945945947,913.0
1504,-24.24054054054054,268.0
1505,-22.88108108108108,612.0
1506,0.3891891891891892,160.0
1507,1.627027027027027,0.0
1508,-9.643243243243244,40.0
1509,-9.802702702702703,148.0
1510,-9.248648648648649,33.0
1511,-12.316216216216215,117.0
1512,-14.381081081081081,205.0
1513,-16.85675675675676,291.0
1514,-13.962162162162162,596.0
1515,-18.654054054054054,1319.0
1516,-10.262162162162161,120.0
1517,-16.767567567567568,1434.0
1518,-15.927027027027027,1331.0
1519,-17.024324324324322,1423.0
1520,-17.972972972972972,249.0
1521,-20.424324324324324,786.0
1522,-20.416216216216217,466.0
1523,-23.764864864864865,413.0
1524,-24.32972972972973,278.0
1525,-22.354054054054053,450.0
1526,-0.03513513513513513,261.0
1527,2.3675675675675674,0.0
1528,-9.251351351351351,14.0
1529,-11.327027027027027,161.0
1530,-10.348648648648648,218.0
1531,-12.662162162162161,444.0
1532,-15.724324324324323,189.0
1533,-15.829729729729731,81.0
1534,-17.41891891891892,235.0
1535,-18.95945945945946,657.0
1536,-20.175675675675677,377.0
1537,-20.451351351351352,456.0
1538,-19.17837837837838,281.0
1539,-20.905405405405407,192.0
1540,-19.681081081081082,215.0
1541,-20.17837837837838,557.0
1542,-22.72972972972973,430.0
1543,-26.716216216216218,159.0
1544,-23.14324324324324,182.0
1545,-24.716216216216218,382.0
1546,-26.16756756756757,699.0
1547,3.0297297297297296,0.0
1548,0.5621621621621622,407.0
1549,-10.22162162162162,11.0
1550,-13.335135135135134,38.0
1551,-13.243243243243244,196.0
1552,-13.105405405405405,182.0
1553,-15.3,239.0
1554,-17.24054054054054,181.0
1555,-18.967567567567567,181.0
1556,-18.854054054054053,152.0
1557,-18.589189189189188,197.0
1558,-19.135135135135137,363.0
1559,-20.92972972972973,133.0
1560,-20.82972972972973,449.0
1561,-23.17027027027027,331.0
1562,-23.181081081081082,118.0
1563,-23.854054054054053,124.0
1564,-23.86756756756757,203.0
1565,-24.854054054054053,451.0
1566,-29.605405405405406,512.0
1567,-30.37027027027027,606.0
1568,3.2432432432432434,0.0
1569,-0.4594594594594595,298.0
1570,-12.856756756756756,2.0
1571,-13.543243243243245,9.0
1572,-14.337837837837839,11.0
1573,-15.143243243243242,13.0
1574,-16.002702702702702,22.0
1575,-17.7,88.0
1576,-16.191891891891892,191.0
1577,-17.805405405405406,376.0
1578,-19.33243243243243,362.0
1579,-20.60810810810811,435.0
1580,-21.74864864864865,68.0
1581,-20.205405405405408,718.0
1582,-21.9,253.0
1583,-21.535135135135135,304.0
1584,-24.548648648648648,930.0
1585,-25.82702702702703,673.0
1586,-26.41891891891892,1076.0
1587,-29.286486486486485,1365.0
1588,-29.743243243243242,1292.0
1589,1.1972972972972973,292.0
1590,-0.572972972972973,285.0
1591,-3.824324324324324,17.0
1592,-9.464864864864865,5.0
1593,-12.18108108108108,33.0
1594,-13.324324324324325,2.0
1595,-14.635135135135135,4.0
1596,-14.921621621621622,11.0
1597,-17.83243243243243,169.0
1598,-17.4,20.0
1599,-17.975675675675678,73.0
1600,-18.545945945945945,50.0
1601,-19.3,68.0
1602,-20.74864864864865,442.0
1603,-20.92162162162162,285.0
1604,-22.5,346.0
1605,-23.0972972972973,216.0
1606,-21.78108108108108,474.0
1607,-20.997297297297298,581.0
1608,-27.694594594594594,1086.0
1609,-27.31621621621622,1593.0
1610,-30.945945945945947,2015.0
1611,-27.278378378378378,253.0
1612,-26.33783783783784,23.0
1613,-11.3,174.0
1614,-12.248648648648649,0.0
1615,-14.397297297297298,2.0
1616,-15.267567567567568,6.0
1617,-17.005405405405405,128.0
1618,-17.267567567567568,505.0
1619,-17.575675675675676,290.0
1620,-18.08648648648649,79.0
1621,-20.686486486486487,96.0
1622,-20.87297297297297,111.0
1623,-20.475675675675678,77.0
1624,-22.42972972972973,395.0
1625,-24.154054054054054,505.0
1626,-27.41891891891892,1008.0
1627,-27.96216216216216,1608.0
1628,-26.3972972972973,874.0
1629,-27.55675675675676,965.0
1630,-24.84054054054054,508.0
1631,-27.2027027027027,79.0
1632,-9.464864864864865,69.0
1633,-13.456756756756755,0.0
1634,-15.324324324324325,3.0
1635,-15.921621621621622,7.0
1636,-16.535135135135135,66.0
1637,-15.35135135135135,24.0
1638,-17.824324324324323,382.0
1639,-20.65945945945946,322.0
1640,-22.664864864864864,336.0
1641,-20.267567567567568,155.0
1642,-21.232432432432432,307.0
1643,-25.727027027027027,1223.0
1644,-25.71081081081081,1233.0
1645,-26.105405405405406,554.0
1646,-28.483783783783785,291.0
1647,-28.7027027027027,141.0
1648,-28.105405405405406,37.0
1649,-12.889189189189189,2.0
1650,-14.36216216216216,1.0
1651,-14.340540540540541,0.0
1652,-17.716216216216218,152.0
1653,-19.45945945945946,97.0
1654,-19.35945945945946,240.0
1655,-21.87837837837838,178.0
1656,-22.145945945945947,49.0
1657,-22.6,607.0
1658,-23.524324324324322,1037.0
1659,-23.31081081081081,561.0
1660,-28.245945945945945,256.0
1661,-28.902702702702705,40.0
1662,-27.883783783783784,89.0
1663,-27.89189189189189,9.0
1664,-16.264864864864865,9.0
1665,-19.475675675675678,349.0
1666,-19.2,467.0
1667,-20.71351351351351,14.0
1668,-20.16756756756757,0.0
1669,-21.97027027027027,24.0
1670,-24.94324324324324,429.0
1671,-24.67297297297297,566.0
1672,-28.743243243243242,305.0
1673,-28.205405405405404,94.0
1674,-27.95945945945946,34.0
1675,-27.654054054054054,13.0
1676,-15.543243243243245,5.0
1677,-15.516216216216216,7.0
1678,-19.05675675675676,481.0
1679,-21.205405405405408,362.0
1680,-21.55135135135135,164.0
1681,-20.764864864864865,0.0
1682,-20.27027027027027,242.0
1683,-27.01891891891892,652.0
1684,-27.58108108108108,569.0
1685,-28.26756756756757,325.0
1686,-28.23243243243243,57.0
1687,-27.42162162162162,6.0
1688,-26.972972972972972,0.0
1689,-16.3,16.0
1690,-17.57027027027027,24.0
1691,-21.594594594594593,267.0
1692,-20.35135135135135,30.0
1693,-22.154054054054054,109.0
1694,-21.410810810810812,53.0
1695,-21.435135135135134,445.0
1696,-26.383783783783784,479.0
1697,-27.894594594594594,119.0
1698,-27.589189189189188,25.0
1699,-26.52162162162162,3.0
1700,-26.354054054054053,0.0
1701,-16.86756756756757,121.0
1702,-17.54594594594595,30.0
1703,-19.613513513513514,13.0
1704,-18.686486486486487,1.0
1705,-21.22972972972973,15.0
1706,-21.905405405405407,89.0
1707,-24.18378378378378,426.0
1708,-26.16216216216216,143.0
1709,-27.34054054054054,39.0
1710,-26.624324324324323,17.0
1711,-25.45405405405405,10.0
1712,1.2783783783783782,0.0
1713,-0.4135135135135135,426.0
1714,-24.08648648648649,56.0
1715,-24.424324324324324,104.0
1716,-26.92972972972973,28.0
1717,-26.62972972972973,11.0
1718,-22.31081081081081,10.0
1719,1.2756756756756757,0.0
1720,1.2891891891891891,0.0
1721,-20.324324324324323,0.0
1722,-21.14864864864865,52.0
